scorer,qrels_variant,threshold,pruning_percent,pipeline,metric,mean_full,mean_pruned,mean_diff_pruned_minus_full,p_noninferiority,lower_bound_absolute,retained_for_plot,config_id
cdd,test-2019_test-2020,0.15,15.0,BM25,RR@10,0.7986786123384061,0.8059401080019636,0.0072614956635575,0.0483440579338818,-0.0399339306169203,True,cdd | test-2019_test-2020 | BM25 | RR@10 | thr=0.15
cdd,test-2019_test-2020,0.15,15.0,SPLADE,RR@10,0.8618106692848961,0.8489690721649484,-0.0128415971199476,0.0395746722910933,-0.0430905334642448,True,cdd | test-2019_test-2020 | SPLADE | RR@10 | thr=0.15
cdd,test-2019_test-2020,0.15,15.0,TAS-B,RR@10,0.9354933726067748,0.9527491408934708,0.0172557682866961,2.3751840466227503e-10,-0.0467746686303387,True,cdd | test-2019_test-2020 | TAS-B | RR@10 | thr=0.15
cdd,test-2019_test-2020,0.3,30.0,TAS-B,RR@10,0.9354933726067748,0.9411062019309442,0.0056128293241695,0.001369174174751,-0.0467746686303387,True,cdd | test-2019_test-2020 | TAS-B | RR@10 | thr=0.3
finetuned_qualt5_dev.small,,0.15,15.0,BM25,RR@10,0.1842761631873379,0.1981292923090917,0.0138531291217537,7.248369020703772e-24,-0.0092138081593668,True,finetuned_qualt5_dev.small | nan | BM25 | RR@10 | thr=0.15
finetuned_qualt5_dev.small,,0.15,15.0,BM25,nDCG@10,0.2299347532023317,0.2425531993801006,0.0126184461777689,3.2431963777183616e-29,-0.0114967376601165,True,finetuned_qualt5_dev.small | nan | BM25 | nDCG@10 | thr=0.15
finetuned_qualt5_dev.small,,0.15,15.0,BM25,R@100,0.6777578796561604,0.6651146131805158,-0.0126432664756447,6.886993799137879e-12,-0.033887893982808,True,finetuned_qualt5_dev.small | nan | BM25 | R@100 | thr=0.15
finetuned_qualt5_dev.small,,0.15,15.0,SPLADE,RR@10,0.2969339837176513,0.2916111224814663,-0.005322861236185,5.562140185869566e-16,-0.0148466991858825,True,finetuned_qualt5_dev.small | nan | SPLADE | RR@10 | thr=0.15
finetuned_qualt5_dev.small,,0.15,15.0,SPLADE,nDCG@10,0.3525535290063942,0.3460392397040682,-0.0065142893023259,2.7060368344422902e-20,-0.0176276764503197,True,finetuned_qualt5_dev.small | nan | SPLADE | nDCG@10 | thr=0.15
finetuned_qualt5_dev.small,,0.15,15.0,SPLADE,R@100,0.8166905444126075,0.7932784145176697,-0.0234121298949379,3.637051275127099e-16,-0.0408345272206303,True,finetuned_qualt5_dev.small | nan | SPLADE | R@100 | thr=0.15
finetuned_qualt5_dev.small,,0.15,15.0,TAS-B,RR@10,0.3472977213808159,0.3400834584072406,-0.0072142629735752,1.137779813889855e-12,-0.0173648860690407,True,finetuned_qualt5_dev.small | nan | TAS-B | RR@10 | thr=0.15
finetuned_qualt5_dev.small,,0.15,15.0,TAS-B,nDCG@10,0.4106574638556805,0.4016031820927501,-0.0090542817629303,6.343079190359066e-16,-0.020532873192784,True,finetuned_qualt5_dev.small | nan | TAS-B | nDCG@10 | thr=0.15
finetuned_qualt5_dev.small,,0.15,15.0,TAS-B,R@100,0.8869149952244508,0.860339063992359,-0.0265759312320916,2.992316541062506e-16,-0.0443457497612225,True,finetuned_qualt5_dev.small | nan | TAS-B | R@100 | thr=0.15
finetuned_qualt5_dev.small,,0.3,30.0,BM25,RR@10,0.1842761631873379,0.2007211647791877,0.0164450015918497,9.731651225767964e-22,-0.0092138081593668,True,finetuned_qualt5_dev.small | nan | BM25 | RR@10 | thr=0.3
finetuned_qualt5_dev.small,,0.3,30.0,BM25,nDCG@10,0.2299347532023317,0.2434862851842856,0.0135515319819539,4.521625058075775e-22,-0.0114967376601165,True,finetuned_qualt5_dev.small | nan | BM25 | nDCG@10 | thr=0.3
finetuned_qualt5_dev.small,,0.3,30.0,SPLADE,RR@10,0.2969339837176513,0.2865110633556192,-0.0104229203620321,0.0044659277800839,-0.0148466991858825,True,finetuned_qualt5_dev.small | nan | SPLADE | RR@10 | thr=0.3
finetuned_qualt5_dev.small,,0.45,45.0,BM25,RR@10,0.1842761631873379,0.1960431732387319,0.011767010051394,7.953490136468599e-12,-0.0092138081593668,True,finetuned_qualt5_dev.small | nan | BM25 | RR@10 | thr=0.45
finetuned_qualt5_dev.small,,0.45,45.0,BM25,nDCG@10,0.2299347532023317,0.2349275573261887,0.004992804123857,5.8408548113810164e-08,-0.0114967376601165,True,finetuned_qualt5_dev.small | nan | BM25 | nDCG@10 | thr=0.45
finetuned_qualt5_dev.small,,0.6,60.0,BM25,RR@10,0.1842761631873379,0.1884257174694137,0.0041495542820757,6.034274458645877e-05,-0.0092138081593668,True,finetuned_qualt5_dev.small | nan | BM25 | RR@10 | thr=0.6
finetuned_qualt5,test-2019_test-2020,0.15,15.0,BM25,RR@10,0.7986786123384061,0.8098469972181311,0.011168384879725,0.0335232009656619,-0.0399339306169203,True,finetuned_qualt5 | test-2019_test-2020 | BM25 | RR@10 | thr=0.15
finetuned_qualt5,test-2019_test-2020,0.15,15.0,BM25,nDCG@10,0.4873823836823968,0.5054054718443594,0.0180230881619626,0.0005540250772222,-0.0243691191841198,True,finetuned_qualt5 | test-2019_test-2020 | BM25 | nDCG@10 | thr=0.15
finetuned_qualt5,test-2019_test-2020,0.15,15.0,SPLADE,RR@10,0.8618106692848961,0.8653330060546556,0.0035223367697594,1.8671782218720232e-08,-0.0430905334642448,True,finetuned_qualt5 | test-2019_test-2020 | SPLADE | RR@10 | thr=0.15
finetuned_qualt5,test-2019_test-2020,0.15,15.0,SPLADE,nDCG@10,0.5903063303445052,0.5853861580462856,-0.0049201722982195,8.352736810633835e-06,-0.0295153165172252,True,finetuned_qualt5 | test-2019_test-2020 | SPLADE | nDCG@10 | thr=0.15
finetuned_qualt5,test-2019_test-2020,0.15,15.0,TAS-B,RR@10,0.9354933726067748,0.9396170839469808,0.0041237113402061,3.9356384821734684e-16,-0.0467746686303387,True,finetuned_qualt5 | test-2019_test-2020 | TAS-B | RR@10 | thr=0.15
finetuned_qualt5,test-2019_test-2020,0.15,15.0,TAS-B,nDCG@10,0.697936757957595,0.6937247182640284,-0.0042120396935667,2.902629725092315e-07,-0.0348968378978797,True,finetuned_qualt5 | test-2019_test-2020 | TAS-B | nDCG@10 | thr=0.15
finetuned_qualt5,test-2019_test-2020,0.3,30.0,BM25,nDCG@10,0.4873823836823968,0.4996544494301745,0.0122720657477778,0.0094862071516605,-0.0243691191841198,True,finetuned_qualt5 | test-2019_test-2020 | BM25 | nDCG@10 | thr=0.3
finetuned_qualt5,test-2019_test-2020,0.3,30.0,SPLADE,RR@10,0.8618106692848961,0.861896579937817,8.59106529209619e-05,0.0006417578743237,-0.0430905334642448,True,finetuned_qualt5 | test-2019_test-2020 | SPLADE | RR@10 | thr=0.3
finetuned_qualt5,test-2019_test-2020,0.3,30.0,SPLADE,nDCG@10,0.5903063303445052,0.5782938777862628,-0.0120124525582423,0.0176723436385161,-0.0295153165172252,True,finetuned_qualt5 | test-2019_test-2020 | SPLADE | nDCG@10 | thr=0.3
finetuned_qualt5,test-2019_test-2020,0.3,30.0,TAS-B,RR@10,0.9354933726067748,0.9396170839469808,0.0041237113402061,3.9356384821734684e-16,-0.0467746686303387,True,finetuned_qualt5 | test-2019_test-2020 | TAS-B | RR@10 | thr=0.3
finetuned_qualt5,test-2019_test-2020,0.3,30.0,TAS-B,nDCG@10,0.697936757957595,0.6795804993247984,-0.0183562586327969,0.0253056631389945,-0.0348968378978797,True,finetuned_qualt5 | test-2019_test-2020 | TAS-B | nDCG@10 | thr=0.3
finetuned_qualt5,test-2019_test-2020,0.45,45.0,BM25,RR@10,0.7986786123384061,0.8228522336769759,0.0241736213385697,0.0238708585814564,-0.0399339306169203,True,finetuned_qualt5 | test-2019_test-2020 | BM25 | RR@10 | thr=0.45
finetuned_qualt5,test-2019_test-2020,0.45,45.0,SPLADE,RR@10,0.8618106692848961,0.8533055146457208,-0.0085051546391752,0.0179381401557933,-0.0430905334642448,True,finetuned_qualt5 | test-2019_test-2020 | SPLADE | RR@10 | thr=0.45
finetuned_qualt5,test-2019_test-2020,0.45,45.0,TAS-B,RR@10,0.9354933726067748,0.937039764359352,0.0015463917525773,9.422960619770252e-06,-0.0467746686303387,True,finetuned_qualt5 | test-2019_test-2020 | TAS-B | RR@10 | thr=0.45
finetuned_qualt5,test-2019_test-2020,0.6,60.0,BM25,RR@10,0.7986786123384061,0.8263745704467353,0.0276959581083292,0.0356459024088314,-0.0399339306169203,True,finetuned_qualt5 | test-2019_test-2020 | BM25 | RR@10 | thr=0.6
itn_dev.small,,0.15,15.0,BM25,RR@10,0.1842761631873379,0.1809292991313048,-0.0033468640560331,0.0135173118318423,-0.0092138081593668,True,itn_dev.small | nan | BM25 | RR@10 | thr=0.15
itn,test-2019_test-2020,0.15,15.0,SPLADE,RR@10,0.8618106692848961,0.8617247586319751,-8.59106529209619e-05,0.0004321408414515,-0.0430905334642448,True,itn | test-2019_test-2020 | SPLADE | RR@10 | thr=0.15
itn,test-2019_test-2020,0.15,15.0,TAS-B,RR@10,0.9354933726067748,0.9396170839469808,0.0041237113402061,3.9356384821734684e-16,-0.0467746686303387,True,itn | test-2019_test-2020 | TAS-B | RR@10 | thr=0.15
itn,test-2019_test-2020,0.15,15.0,TAS-B,nDCG@10,0.697936757957595,0.6750917153280939,-0.0228450426295011,0.0316251269796488,-0.0348968378978797,True,itn | test-2019_test-2020 | TAS-B | nDCG@10 | thr=0.15
itn,test-2019_test-2020,0.3,30.0,SPLADE,RR@10,0.8618106692848961,0.8512600229095074,-0.0105506463753886,0.0081273782441068,-0.0430905334642448,True,itn | test-2019_test-2020 | SPLADE | RR@10 | thr=0.3
itn,test-2019_test-2020,0.3,30.0,TAS-B,RR@10,0.9354933726067748,0.9298969072164948,-0.0055964653902798,2.9811004798132887e-22,-0.0467746686303387,True,itn | test-2019_test-2020 | TAS-B | RR@10 | thr=0.3
itn,test-2019_test-2020,0.45,45.0,SPLADE,RR@10,0.8618106692848961,0.8571142202585502,-0.0046964490263459,0.0154192184340494,-0.0430905334642448,True,itn | test-2019_test-2020 | SPLADE | RR@10 | thr=0.45
itn,test-2019_test-2020,0.45,45.0,TAS-B,RR@10,0.9354933726067748,0.923981345115366,-0.0115120274914089,0.0001295983906349,-0.0467746686303387,True,itn | test-2019_test-2020 | TAS-B | RR@10 | thr=0.45
metadata_qualt5_CONCAT,test-2019_test-2020,0.15,15.0,BM25,RR@10,0.7986786123384061,0.8077605956471936,0.0090819833087874,0.0393185286217733,-0.0399339306169203,True,metadata_qualt5_CONCAT | test-2019_test-2020 | BM25 | RR@10 | thr=0.15
metadata_qualt5_CONCAT,test-2019_test-2020,0.15,15.0,BM25,nDCG@10,0.4873823836823968,0.5011157823513975,0.0137333986690009,0.0014963533562002,-0.0243691191841198,True,metadata_qualt5_CONCAT | test-2019_test-2020 | BM25 | nDCG@10 | thr=0.15
metadata_qualt5_CONCAT,test-2019_test-2020,0.15,15.0,SPLADE,RR@10,0.8618106692848961,0.8584601538209785,-0.0033505154639175,1.4258040647179432e-09,-0.0430905334642448,True,metadata_qualt5_CONCAT | test-2019_test-2020 | SPLADE | RR@10 | thr=0.15
metadata_qualt5_CONCAT,test-2019_test-2020,0.15,15.0,SPLADE,nDCG@10,0.5903063303445052,0.5844754073693023,-0.0058309229752028,3.0586761145937646e-06,-0.0295153165172252,True,metadata_qualt5_CONCAT | test-2019_test-2020 | SPLADE | nDCG@10 | thr=0.15
metadata_qualt5_CONCAT,test-2019_test-2020,0.15,15.0,TAS-B,RR@10,0.9354933726067748,0.9396170839469808,0.0041237113402061,3.9356384821734684e-16,-0.0467746686303387,True,metadata_qualt5_CONCAT | test-2019_test-2020 | TAS-B | RR@10 | thr=0.15
metadata_qualt5_CONCAT,test-2019_test-2020,0.15,15.0,TAS-B,nDCG@10,0.697936757957595,0.6952674598940813,-0.0026692980635138,4.980487012774662e-09,-0.0348968378978797,True,metadata_qualt5_CONCAT | test-2019_test-2020 | TAS-B | nDCG@10 | thr=0.15
metadata_qualt5_CONCAT,test-2019_test-2020,0.3,30.0,BM25,nDCG@10,0.4873823836823968,0.4942041072410183,0.0068217235586216,0.0220299464969578,-0.0243691191841198,True,metadata_qualt5_CONCAT | test-2019_test-2020 | BM25 | nDCG@10 | thr=0.3
metadata_qualt5_CONCAT,test-2019_test-2020,0.3,30.0,SPLADE,RR@10,0.8618106692848961,0.8679103256422844,0.0060996563573883,2.8767165620165825e-08,-0.0430905334642448,True,metadata_qualt5_CONCAT | test-2019_test-2020 | SPLADE | RR@10 | thr=0.3
metadata_qualt5_CONCAT,test-2019_test-2020,0.3,30.0,SPLADE,nDCG@10,0.5903063303445052,0.5744519310216225,-0.0158543993228826,0.0440837501089359,-0.0295153165172252,True,metadata_qualt5_CONCAT | test-2019_test-2020 | SPLADE | nDCG@10 | thr=0.3
metadata_qualt5_CONCAT,test-2019_test-2020,0.3,30.0,TAS-B,RR@10,0.9354933726067748,0.9396170839469808,0.0041237113402061,3.9356384821734684e-16,-0.0467746686303387,True,metadata_qualt5_CONCAT | test-2019_test-2020 | TAS-B | RR@10 | thr=0.3
metadata_qualt5_CONCAT,test-2019_test-2020,0.45,45.0,SPLADE,RR@10,0.8618106692848961,0.86062019309442,-0.0011904761904761,0.0004612440356282,-0.0430905334642448,True,metadata_qualt5_CONCAT | test-2019_test-2020 | SPLADE | RR@10 | thr=0.45
metadata_qualt5_CONCAT,test-2019_test-2020,0.45,45.0,TAS-B,RR@10,0.9354933726067748,0.9447717231222386,0.0092783505154639,3.808842731467232e-10,-0.0467746686303387,True,metadata_qualt5_CONCAT | test-2019_test-2020 | TAS-B | RR@10 | thr=0.45
metadata_qualt5_CONCAT,test-2019_test-2020,0.6,60.0,BM25,RR@10,0.7986786123384061,0.8108247422680411,0.012146129929635,0.0499111594186076,-0.0399339306169203,True,metadata_qualt5_CONCAT | test-2019_test-2020 | BM25 | RR@10 | thr=0.6
metadata_qualt5_CONCAT,test-2019_test-2020,0.6,60.0,TAS-B,RR@10,0.9354933726067748,0.920274914089347,-0.0152184585174275,0.0293144542539887,-0.0467746686303387,True,metadata_qualt5_CONCAT | test-2019_test-2020 | TAS-B | RR@10 | thr=0.6
metadata_qualt5_MP,test-2019_test-2020,0.15,15.0,BM25,nDCG@10,0.4873823836823968,0.5025273691559526,0.0151449854735558,0.0011205359298366,-0.0243691191841198,True,metadata_qualt5_MP | test-2019_test-2020 | BM25 | nDCG@10 | thr=0.15
metadata_qualt5_MP,test-2019_test-2020,0.15,15.0,SPLADE,RR@10,0.8618106692848961,0.8584601538209785,-0.0033505154639175,1.4258040647179432e-09,-0.0430905334642448,True,metadata_qualt5_MP | test-2019_test-2020 | SPLADE | RR@10 | thr=0.15
metadata_qualt5_MP,test-2019_test-2020,0.15,15.0,SPLADE,nDCG@10,0.5903063303445052,0.584505580527258,-0.0058007498172472,2.6573343682164564e-06,-0.0295153165172252,True,metadata_qualt5_MP | test-2019_test-2020 | SPLADE | nDCG@10 | thr=0.15
metadata_qualt5_MP,test-2019_test-2020,0.15,15.0,TAS-B,RR@10,0.9354933726067748,0.9396170839469808,0.0041237113402061,3.9356384821734684e-16,-0.0467746686303387,True,metadata_qualt5_MP | test-2019_test-2020 | TAS-B | RR@10 | thr=0.15
metadata_qualt5_MP,test-2019_test-2020,0.15,15.0,TAS-B,nDCG@10,0.697936757957595,0.6970557769860797,-0.0008809809715154,1.6233467179455187e-09,-0.0348968378978797,True,metadata_qualt5_MP | test-2019_test-2020 | TAS-B | nDCG@10 | thr=0.15
metadata_qualt5_MP,test-2019_test-2020,0.3,30.0,BM25,nDCG@10,0.4873823836823968,0.4944595686700182,0.0070771849876214,0.0230065352819857,-0.0243691191841198,True,metadata_qualt5_MP | test-2019_test-2020 | BM25 | nDCG@10 | thr=0.3
metadata_qualt5_MP,test-2019_test-2020,0.3,30.0,SPLADE,RR@10,0.8618106692848961,0.857601047291769,-0.0042096219931271,0.0004689145510139,-0.0430905334642448,True,metadata_qualt5_MP | test-2019_test-2020 | SPLADE | RR@10 | thr=0.3
metadata_qualt5_MP,test-2019_test-2020,0.3,30.0,TAS-B,RR@10,0.9354933726067748,0.9396170839469808,0.0041237113402061,3.9356384821734684e-16,-0.0467746686303387,True,metadata_qualt5_MP | test-2019_test-2020 | TAS-B | RR@10 | thr=0.3
metadata_qualt5_MP,test-2019_test-2020,0.45,45.0,SPLADE,RR@10,0.8618106692848961,0.8610947471772212,-0.0007159221076746,0.0004872507638511,-0.0430905334642448,True,metadata_qualt5_MP | test-2019_test-2020 | SPLADE | RR@10 | thr=0.45
metadata_qualt5_MP,test-2019_test-2020,0.45,45.0,TAS-B,RR@10,0.9354933726067748,0.9430535100638194,0.0075601374570446,2.082434192670866e-09,-0.0467746686303387,True,metadata_qualt5_MP | test-2019_test-2020 | TAS-B | RR@10 | thr=0.45
metadata_qualt5_POOLEDCONCAT,test-2019_test-2020,0.15,15.0,BM25,nDCG@10,0.4873823836823968,0.5016682121657143,0.0142858284833175,0.0012120630356776,-0.0243691191841198,True,metadata_qualt5_POOLEDCONCAT | test-2019_test-2020 | BM25 | nDCG@10 | thr=0.15
metadata_qualt5_POOLEDCONCAT,test-2019_test-2020,0.15,15.0,SPLADE,RR@10,0.8618106692848961,0.8601783668793979,-0.0016323024054982,9.909550667002558e-11,-0.0430905334642448,True,metadata_qualt5_POOLEDCONCAT | test-2019_test-2020 | SPLADE | RR@10 | thr=0.15
metadata_qualt5_POOLEDCONCAT,test-2019_test-2020,0.15,15.0,SPLADE,nDCG@10,0.5903063303445052,0.5828124376829117,-0.0074938926615934,2.597536247629902e-05,-0.0295153165172252,True,metadata_qualt5_POOLEDCONCAT | test-2019_test-2020 | SPLADE | nDCG@10 | thr=0.15
metadata_qualt5_POOLEDCONCAT,test-2019_test-2020,0.15,15.0,TAS-B,RR@10,0.9354933726067748,0.9396170839469808,0.0041237113402061,3.9356384821734684e-16,-0.0467746686303387,True,metadata_qualt5_POOLEDCONCAT | test-2019_test-2020 | TAS-B | RR@10 | thr=0.15
metadata_qualt5_POOLEDCONCAT,test-2019_test-2020,0.15,15.0,TAS-B,nDCG@10,0.697936757957595,0.6942163911064926,-0.0037203668511024,1.1700049575494467e-07,-0.0348968378978797,True,metadata_qualt5_POOLEDCONCAT | test-2019_test-2020 | TAS-B | nDCG@10 | thr=0.15
metadata_qualt5_POOLEDCONCAT,test-2019_test-2020,0.3,30.0,BM25,nDCG@10,0.4873823836823968,0.4936452393092057,0.0062628556268089,0.025164162088828,-0.0243691191841198,True,metadata_qualt5_POOLEDCONCAT | test-2019_test-2020 | BM25 | nDCG@10 | thr=0.3
metadata_qualt5_POOLEDCONCAT,test-2019_test-2020,0.3,30.0,SPLADE,RR@10,0.8618106692848961,0.8558828342333497,-0.0059278350515463,0.0009414465114423,-0.0430905334642448,True,metadata_qualt5_POOLEDCONCAT | test-2019_test-2020 | SPLADE | RR@10 | thr=0.3
metadata_qualt5_POOLEDCONCAT,test-2019_test-2020,0.3,30.0,TAS-B,RR@10,0.9354933726067748,0.937039764359352,0.0015463917525773,4.999720972652514e-13,-0.0467746686303387,True,metadata_qualt5_POOLEDCONCAT | test-2019_test-2020 | TAS-B | RR@10 | thr=0.3
metadata_qualt5_POOLEDCONCAT,test-2019_test-2020,0.45,45.0,SPLADE,RR@10,0.8618106692848961,0.8624856815578466,0.0006750122729504,0.0003597104168587,-0.0430905334642448,True,metadata_qualt5_POOLEDCONCAT | test-2019_test-2020 | SPLADE | RR@10 | thr=0.45
metadata_qualt5_POOLEDCONCAT,test-2019_test-2020,0.45,45.0,TAS-B,RR@10,0.9354933726067748,0.9404761904761906,0.0049828178694158,2.162160356759158e-09,-0.0467746686303387,True,metadata_qualt5_POOLEDCONCAT | test-2019_test-2020 | TAS-B | RR@10 | thr=0.45
metadata_qualt5_POOLEDCONCAT,test-2019_test-2020,0.6,60.0,BM25,RR@10,0.7986786123384061,0.8134879725085911,0.0148093601701849,0.0468763229722539,-0.0399339306169203,True,metadata_qualt5_POOLEDCONCAT | test-2019_test-2020 | BM25 | RR@10 | thr=0.6
metadata_qualt5_POOLEDCONCAT,test-2019_test-2020,0.6,60.0,TAS-B,RR@10,0.9354933726067748,0.9245704467353952,-0.0109229258713794,0.0060261046713743,-0.0467746686303387,True,metadata_qualt5_POOLEDCONCAT | test-2019_test-2020 | TAS-B | RR@10 | thr=0.6
perplexity,test-2019_test-2020,0.15,15.0,BM25,RR@10,0.7986786123384061,0.8104810996563573,0.0118024873179512,0.0113871619720105,-0.0399339306169203,True,perplexity | test-2019_test-2020 | BM25 | RR@10 | thr=0.15
perplexity,test-2019_test-2020,0.15,15.0,SPLADE,RR@10,0.8618106692848961,0.8700867288496155,0.0082760595647193,1.4987607986924618e-07,-0.0430905334642448,True,perplexity | test-2019_test-2020 | SPLADE | RR@10 | thr=0.15
perplexity,test-2019_test-2020,0.15,15.0,SPLADE,nDCG@10,0.5903063303445052,0.5752992462284737,-0.0150070841160314,0.0207225747337873,-0.0295153165172252,True,perplexity | test-2019_test-2020 | SPLADE | nDCG@10 | thr=0.15
perplexity,test-2019_test-2020,0.15,15.0,TAS-B,RR@10,0.9354933726067748,0.9336033382425136,-0.0018900343642611,3.3324773277951874e-55,-0.0467746686303387,True,perplexity | test-2019_test-2020 | TAS-B | RR@10 | thr=0.15
perplexity,test-2019_test-2020,0.15,15.0,TAS-B,nDCG@10,0.697936757957595,0.6781974951290229,-0.0197392628285722,0.0164569096969239,-0.0348968378978797,True,perplexity | test-2019_test-2020 | TAS-B | nDCG@10 | thr=0.15
perplexity,test-2019_test-2020,0.3,30.0,SPLADE,RR@10,0.8618106692848961,0.8686548846342661,0.0068442153493699,0.0009559187625287,-0.0430905334642448,True,perplexity | test-2019_test-2020 | SPLADE | RR@10 | thr=0.3
perplexity,test-2019_test-2020,0.3,30.0,TAS-B,RR@10,0.9354933726067748,0.9344624447717232,-0.0010309278350515,0.0002842511798371,-0.0467746686303387,True,perplexity | test-2019_test-2020 | TAS-B | RR@10 | thr=0.3
perplexity,test-2019_test-2020,0.45,45.0,TAS-B,RR@10,0.9354933726067748,0.9186712485681556,-0.0168221240386188,0.0432376389168249,-0.0467746686303387,True,perplexity | test-2019_test-2020 | TAS-B | RR@10 | thr=0.45
qualt5_dev.small,,0.15,15.0,BM25,RR@10,0.1842761631873379,0.1959738709237276,0.0116977077363896,6.81900302340705e-18,-0.0092138081593668,True,qualt5_dev.small | nan | BM25 | RR@10 | thr=0.15
qualt5_dev.small,,0.15,15.0,BM25,nDCG@10,0.2299347532023317,0.239823368887912,0.0098886156855802,5.229788136947332e-20,-0.0114967376601165,True,qualt5_dev.small | nan | BM25 | nDCG@10 | thr=0.15
qualt5_dev.small,,0.15,15.0,BM25,R@100,0.6777578796561604,0.6546561604584528,-0.0231017191977077,0.0009254228974238,-0.033887893982808,True,qualt5_dev.small | nan | BM25 | R@100 | thr=0.15
qualt5_dev.small,,0.15,15.0,SPLADE,RR@10,0.2969339837176513,0.286637217446673,-0.0102967662709783,0.0009773547429706,-0.0148466991858825,True,qualt5_dev.small | nan | SPLADE | RR@10 | thr=0.15
qualt5_dev.small,,0.15,15.0,SPLADE,nDCG@10,0.3525535290063942,0.3392054938644724,-0.0133480351419217,0.0025843240110689,-0.0176276764503197,True,qualt5_dev.small | nan | SPLADE | nDCG@10 | thr=0.15
qualt5_dev.small,,0.15,15.0,TAS-B,RR@10,0.3472977213808159,0.334472642925365,-0.0128250784554509,0.004285980598975,-0.0173648860690407,True,qualt5_dev.small | nan | TAS-B | RR@10 | thr=0.15
qualt5_dev.small,,0.15,15.0,TAS-B,nDCG@10,0.4106574638556805,0.3943198996648253,-0.0163375641908552,0.0085496954108423,-0.020532873192784,True,qualt5_dev.small | nan | TAS-B | nDCG@10 | thr=0.15
qualt5_dev.small,,0.3,30.0,BM25,RR@10,0.1842761631873379,0.1943879337790512,0.0101117705917132,2.188764785652984e-11,-0.0092138081593668,True,qualt5_dev.small | nan | BM25 | RR@10 | thr=0.3
qualt5_dev.small,,0.3,30.0,BM25,nDCG@10,0.2299347532023317,0.2354875031452233,0.0055527499428916,1.7667181820801351e-09,-0.0114967376601165,True,qualt5_dev.small | nan | BM25 | nDCG@10 | thr=0.3
qualt5_dev.small,,0.45,45.0,BM25,RR@10,0.1842761631873379,0.1889589302769818,0.0046827670896438,1.2041761854942651e-05,-0.0092138081593668,True,qualt5_dev.small | nan | BM25 | RR@10 | thr=0.45
qualt5_dev.small,,0.45,45.0,BM25,nDCG@10,0.2299347532023317,0.2257576562211014,-0.0041770969812302,0.0133934984408308,-0.0114967376601165,True,qualt5_dev.small | nan | BM25 | nDCG@10 | thr=0.45
tasb,test-2019_test-2020,0.15,15.0,BM25,RR@10,0.7986786123384061,0.8009450171821305,0.0022664048437244,0.0396545622269959,-0.0399339306169203,True,tasb | test-2019_test-2020 | BM25 | RR@10 | thr=0.15
tasb,test-2019_test-2020,0.15,15.0,SPLADE,RR@10,0.8618106692848961,0.8569137620684012,-0.0048969072164948,2.8145768340967807e-08,-0.0430905334642448,True,tasb | test-2019_test-2020 | SPLADE | RR@10 | thr=0.15
tasb,test-2019_test-2020,0.15,15.0,TAS-B,RR@10,0.9354933726067748,0.9221076746849942,-0.0133856979217803,0.000128023804967,-0.0467746686303387,True,tasb | test-2019_test-2020 | TAS-B | RR@10 | thr=0.15
tasb,test-2019_test-2020,0.3,30.0,BM25,RR@10,0.7986786123384061,0.8031786941580756,0.0045000818196694,0.046962852403352,-0.0399339306169203,True,tasb | test-2019_test-2020 | BM25 | RR@10 | thr=0.3
