scorer,qrels_variant,threshold,pruning_percent,pipeline,metric,n_queries,mean_full,mean_pruned,mean_diff_pruned_minus_full,lower_bound_relative,lower_bound_absolute,upper_bound_absolute,ci95_low,ci95_high,p_noninferiority,t_noninferiority,df_noninferiority,p_upper_test,t_upper_test,df_upper_test,passes_pruning_tost_p_lt_0.05,margin_respected_by_mean,margin_respected_by_ci,retained_for_plot
finetuned_qualt5,dev.small,0.15,15.0,BM25,R@100,6980,0.6777578796561604,0.6651146131805158,-0.0126432664756447,-0.05,-0.033887893982808,1000000.0,-0.0187933620956721,-0.0064931708556172,6.886993799137879e-12,6.771590226296787,6979.0,0.0,-318743659.291204,6979.0,True,True,True,True
finetuned_qualt5,dev.small,0.15,15.0,BM25,RR@10,6980,0.1842761631873379,0.1981292923090917,0.0138531291217537,-0.05,-0.0092138081593668,1000000.0,0.009349903237142,0.0183563550063655,7.248369020703772e-24,10.041292534030072,6979.0,0.0,-435311037.2890784,6979.0,True,True,True,True
finetuned_qualt5,dev.small,0.15,15.0,BM25,nDCG@10,6980,0.2299347532023317,0.2425531993801006,0.0126184461777689,-0.05,-0.0114967376601165,1000000.0,0.0084010836540357,0.0168358087015021,3.2431963777183616e-29,11.209159768101507,6979.0,0.0,-464817506.7630821,6979.0,True,True,True,True
finetuned_qualt5,dev.small,0.15,15.0,SPLADE,R@100,6980,0.8166905444126075,0.7932784145176697,-0.0234121298949379,-0.05,-0.0408345272206303,1000000.0,-0.0276364210579076,-0.0191878387319682,3.637051275127099e-16,8.084952745947378,6979.0,0.0,-464055134.5543374,6979.0,True,True,True,True
finetuned_qualt5,dev.small,0.15,15.0,SPLADE,RR@10,6980,0.2969339837176513,0.2916111224814663,-0.005322861236185,-0.05,-0.0148466991858825,1000000.0,-0.0076471118535301,-0.0029986106188398,5.562140185869566e-16,8.032531900859043,6979.0,0.0,-843413336.7284129,6979.0,True,True,True,True
finetuned_qualt5,dev.small,0.15,15.0,SPLADE,nDCG@10,6980,0.3525535290063942,0.3460392397040682,-0.0065142893023259,-0.05,-0.0176276764503197,1000000.0,-0.0088865812813444,-0.0041419973233073,2.7060368344422902e-20,9.183362337842365,6979.0,0.0,-826333346.9241412,6979.0,True,True,True,True
finetuned_qualt5,dev.small,0.15,15.0,TAS-B,R@100,6980,0.8869149952244508,0.860339063992359,-0.0265759312320916,-0.05,-0.0443457497612225,1000000.0,-0.0308717232933762,-0.0222801391708071,2.992316541062506e-16,8.108922662228785,6979.0,0.0,-456331214.8876274,6979.0,True,True,True,True
finetuned_qualt5,dev.small,0.15,15.0,TAS-B,RR@10,6980,0.3472977213808159,0.3400834584072406,-0.0072142629735752,-0.05,-0.0173648860690407,1000000.0,-0.0100451071625196,-0.0043834187846309,1.137779813889855e-12,7.029106974264288,6979.0,0.0,-692480349.1240029,6979.0,True,True,True,True
finetuned_qualt5,dev.small,0.15,15.0,TAS-B,nDCG@10,6980,0.4106574638556805,0.4016031820927501,-0.0090542817629303,-0.05,-0.020532873192784,1000000.0,-0.0118612698575636,-0.006247293668297,6.343079190359066e-16,8.01625352696102,6979.0,0.0,-698365618.1623161,6979.0,True,True,True,True
finetuned_qualt5,dev.small,0.3,30.0,BM25,RR@10,6980,0.1842761631873379,0.2007211647791877,0.0164450015918497,-0.05,-0.0092138081593668,1000000.0,0.011172049526916,0.0217179536567834,9.731651225767964e-22,9.539071415196409,6979.0,0.0,-371765929.5507292,6979.0,True,True,True,True
finetuned_qualt5,dev.small,0.3,30.0,BM25,nDCG@10,6980,0.2299347532023317,0.2434862851842856,0.0135515319819539,-0.05,-0.0114967376601165,1000000.0,0.0084469721504527,0.018656091813455,4.521625058075775e-22,9.61928623516813,6979.0,0.0,-384029964.6349917,6979.0,True,True,True,True
finetuned_qualt5,dev.small,0.3,30.0,SPLADE,RR@10,6980,0.2969339837176513,0.2865110633556192,-0.0104229203620321,-0.05,-0.0148466991858825,1000000.0,-0.013738665139991,-0.0071071755840731,0.0044659277800839,2.615385597814394,6979.0,0.0,-591210756.5083729,6979.0,True,True,True,True
finetuned_qualt5,dev.small,0.45,45.0,BM25,RR@10,6980,0.1842761631873379,0.1960431732387319,0.011767010051394,-0.05,-0.0092138081593668,1000000.0,0.0056743960653748,0.0178596240374131,7.953490136468599e-12,6.750596883015682,6979.0,0.0,-321750883.8677707,6979.0,True,True,True,True
finetuned_qualt5,dev.small,0.45,45.0,BM25,nDCG@10,6980,0.2299347532023317,0.2349275573261887,0.004992804123857,-0.05,-0.0114967376601165,1000000.0,-0.0011016412337602,0.0110872494814743,5.8408548113810164e-08,5.303930403860801,6979.0,0.0,-321654200.39350444,6979.0,True,True,True,True
finetuned_qualt5,dev.small,0.6,60.0,BM25,RR@10,6980,0.1842761631873379,0.1884257174694137,0.0041495542820757,-0.05,-0.0092138081593668,1000000.0,-0.0026601428540203,0.0109592514181718,6.034274458645877e-05,3.846904166864812,6979.0,0.0,-287869476.5451989,6979.0,True,True,True,True
itn,dev.small,0.15,15.0,BM25,RR@10,6980,0.1842761631873379,0.1809292991313048,-0.0033468640560331,-0.05,-0.0092138081593668,1000000.0,-0.0085474414506898,0.0018537133386236,0.0135173118318423,2.211484009396916,6979.0,0.0,-376939677.2575036,6979.0,True,True,True,True
metadata_qualt5_ALLMETAPJ_2S,dev.small,0.15,15.0,BM25,R@100,6980,0.6777578796561604,0.6632282712511939,-0.0145296084049665,-0.05,-0.033887893982808,1000000.0,-0.0205358806667245,-0.0085233361432086,1.4055815431803886e-10,6.318082528915928,6979.0,0.0,-326376145.000527,6979.0,True,True,True,True
metadata_qualt5_ALLMETAPJ_2S,dev.small,0.15,15.0,BM25,RR@10,6980,0.1842761631873379,0.1955487333424296,0.0112725701550916,-0.05,-0.0092138081593668,1000000.0,0.0069675709593837,0.0155775693507995,7.064556455148065e-21,9.328579791070975,6979.0,0.0,-455355238.6236143,6979.0,True,True,True,True
metadata_qualt5_ALLMETAPJ_2S,dev.small,0.15,15.0,BM25,nDCG@10,6980,0.2299347532023317,0.2406825957127074,0.0107478425103757,-0.05,-0.0114967376601165,1000000.0,0.0067080656070222,0.0147876194137293,2.9901636765992396e-27,10.794194728684134,6979.0,0.0,-485250543.2756351,6979.0,True,True,True,True
metadata_qualt5_ALLMETAPJ_2S,dev.small,0.15,15.0,SPLADE,R@100,6980,0.8166905444126075,0.7950692454632283,-0.0216212989493791,-0.05,-0.0408345272206303,1000000.0,-0.0257853154540371,-0.0174572824447212,9.54340636067038e-20,9.045057190942622,6979.0,0.0,-470772389.66877055,6979.0,True,True,True,True
metadata_qualt5_ALLMETAPJ_2S,dev.small,0.15,15.0,SPLADE,RR@10,6980,0.2969339837176513,0.292729851730568,-0.0042041319870832,-0.05,-0.0148466991858825,1000000.0,-0.0064537724358752,-0.0019544915382913,1.1754769758712874e-20,9.273778223410591,6979.0,0.0,-871385455.1414119,6979.0,True,True,True,True
metadata_qualt5_ALLMETAPJ_2S,dev.small,0.15,15.0,SPLADE,nDCG@10,6980,0.3525535290063942,0.3474697824691174,-0.0050837465372767,-0.05,-0.0176276764503197,1000000.0,-0.0073645543244994,-0.0028029387500541,3.435100987779896e-27,10.78123092916712,6979.0,0.0,-859477935.4407938,6979.0,True,True,True,True
metadata_qualt5_ALLMETAPJ_2S,dev.small,0.15,15.0,TAS-B,R@100,6980,0.8869149952244508,0.8605778414517669,-0.0263371537726838,-0.05,-0.0443457497612225,1000000.0,-0.0306627278291642,-0.0220115797162034,1.9498080196794442e-16,8.16130334050682,6979.0,0.0,-453189330.2868511,6979.0,True,True,True,True
metadata_qualt5_ALLMETAPJ_2S,dev.small,0.15,15.0,TAS-B,RR@10,6980,0.3472977213808159,0.3420293241460863,-0.0052683972347296,-0.05,-0.0173648860690407,1000000.0,-0.0079842102470539,-0.0025525842224052,1.5551241365648941e-18,8.731379823946678,6979.0,0.0,-721811096.5539742,6979.0,True,True,True,True
metadata_qualt5_ALLMETAPJ_2S,dev.small,0.15,15.0,TAS-B,nDCG@10,6980,0.4106574638556805,0.4034557654412529,-0.0072016984144276,-0.05,-0.020532873192784,1000000.0,-0.0098770318178644,-0.0045263650109907,1.0723007238817242e-22,9.768186144953884,6979.0,0.0,-732732589.415928,6979.0,True,True,True,True
metadata_qualt5_ALLMETAPJ_2S,dev.small,0.3,30.0,BM25,RR@10,6980,0.1842761631873379,0.1973402465093009,0.0130640833219629,-0.05,-0.0092138081593668,1000000.0,0.0080023711966781,0.0181257954472477,3.828584030739401e-18,8.627799797537323,6979.0,0.0,-387280802.2273386,6979.0,True,True,True,True
metadata_qualt5_ALLMETAPJ_2S,dev.small,0.3,30.0,BM25,nDCG@10,6980,0.2299347532023317,0.2402112941893705,0.0102765409870388,-0.05,-0.0114967376601165,1000000.0,0.0053830628137599,0.0151700191603177,1.684034472882099e-18,8.722271317492627,6979.0,0.0,-400595214.4004445,6979.0,True,True,True,True
metadata_qualt5_ALLMETAPJ_2S,dev.small,0.3,30.0,SPLADE,RR@10,6980,0.2969339837176513,0.2861663141856551,-0.0107676695319961,-0.05,-0.0148466991858825,1000000.0,-0.0141355914952802,-0.0073997475687121,0.0088068327490455,2.374205240807082,6979.0,0.0,-582051484.7470307,6979.0,True,True,True,True
metadata_qualt5_ALLMETAPJ_2S,dev.small,0.45,45.0,BM25,RR@10,6980,0.1842761631873379,0.1947280779551553,0.0104519147678173,-0.05,-0.0092138081593668,1000000.0,0.0046809777130165,0.0162228518226181,1.2852928667038011e-11,6.680162013143077,6979.0,0.0,-339685551.7621728,6979.0,True,True,True,True
metadata_qualt5_ALLMETAPJ_2S,dev.small,0.45,45.0,BM25,nDCG@10,6980,0.2299347532023317,0.2341004094028629,0.0041656562005311,-0.05,-0.0114967376601165,1000000.0,-0.0015744742687224,0.0099057866697848,4.566467627189056e-08,5.348842303033772,6979.0,0.0,-341508605.15591145,6979.0,True,True,True,True
metadata_qualt5_ALLMETAPJ_2S,dev.small,0.6,60.0,BM25,RR@10,6980,0.1842761631873379,0.1833254309364624,-0.0009507322508755,-0.05,-0.0092138081593668,1000000.0,-0.007548024730072,0.005646560228321,0.0070510311700739,2.45527092528535,6979.0,0.0,-297137646.41766715,6979.0,True,True,True,True
metadata_qualt5_ALLMETAPJ_ck1,dev.small,0.15,15.0,BM25,R@100,6980,0.6777578796561604,0.6616642788920725,-0.0160936007640878,-0.05,-0.033887893982808,1000000.0,-0.0222065891117688,-0.0099806124164069,6.011341897047894e-09,5.706247328621538,6979.0,0.0,-320678509.1330547,6979.0,True,True,True,True
metadata_qualt5_ALLMETAPJ_ck1,dev.small,0.15,15.0,BM25,RR@10,6980,0.1842761631873379,0.1989331195706554,0.0146569563833174,-0.05,-0.0092138081593668,1000000.0,0.0101270969609124,0.0191868158057223,3.885358470276505e-25,10.33011178785292,6979.0,0.0,-432751603.660336,6979.0,True,True,True,True
metadata_qualt5_ALLMETAPJ_ck1,dev.small,0.15,15.0,BM25,nDCG@10,6980,0.2299347532023317,0.2427885212197209,0.0128537680173892,-0.05,-0.0114967376601165,1000000.0,0.0086359267476358,0.0170716092871426,9.718989455409697e-30,11.317256769352712,6979.0,0.0,-464764747.5484592,6979.0,True,True,True,True
metadata_qualt5_ALLMETAPJ_ck1,dev.small,0.15,15.0,SPLADE,R@100,6980,0.8166905444126075,0.7939469914040115,-0.0227435530085959,-0.05,-0.0408345272206303,1000000.0,-0.0269145334955755,-0.0185725725216164,1.122955843853953e-17,8.502511211704858,6979.0,0.0,-469986375.8263596,6979.0,True,True,True,True
metadata_qualt5_ALLMETAPJ_ck1,dev.small,0.15,15.0,SPLADE,RR@10,6980,0.2969339837176513,0.2924414995224451,-0.0044924841952062,-0.05,-0.0148466991858825,1000000.0,-0.00683065976348,-0.0021543086269325,2.4160453463259693e-18,8.68087448393599,6979.0,0.0,-838390407.2642468,6979.0,True,True,True,True
metadata_qualt5_ALLMETAPJ_ck1,dev.small,0.15,15.0,SPLADE,nDCG@10,6980,0.3525535290063942,0.346894793246232,-0.0056587357601621,-0.05,-0.0176276764503197,1000000.0,-0.0080071269928469,-0.0033103445274773,1.1968680717377892e-23,9.990993614279343,6979.0,0.0,-834743351.9352043,6979.0,True,True,True,True
metadata_qualt5_ALLMETAPJ_ck1,dev.small,0.15,15.0,TAS-B,R@100,6980,0.8869149952244508,0.8592526265520535,-0.0276623686723973,-0.05,-0.0443457497612225,1000000.0,-0.0319559777162889,-0.0233687596285056,1.4694125468013745e-14,7.617018142349211,6979.0,0.0,-456563229.7493924,6979.0,True,True,True,True
metadata_qualt5_ALLMETAPJ_ck1,dev.small,0.15,15.0,TAS-B,RR@10,6980,0.3472977213808159,0.341174273434302,-0.0061234479465138,-0.05,-0.0173648860690407,1000000.0,-0.0089145940103468,-0.0033323018826808,1.671771291628185e-15,7.895192563459989,6979.0,0.0,-702329410.6814015,6979.0,True,True,True,True
metadata_qualt5_ALLMETAPJ_ck1,dev.small,0.15,15.0,TAS-B,nDCG@10,6980,0.4106574638556805,0.4022231683485411,-0.0084342955071394,-0.05,-0.020532873192784,1000000.0,-0.0111977539461207,-0.0056708370681581,5.6679225331793844e-18,8.582321843675063,6979.0,0.0,-709366186.5926703,6979.0,True,True,True,True
metadata_qualt5_ALLMETAPJ_ck1,dev.small,0.3,30.0,BM25,RR@10,6980,0.1842761631873379,0.1995132919452404,0.0152371287579023,-0.05,-0.0092138081593668,1000000.0,0.0100154190174229,0.0204588384983818,2.8106568818621474e-20,9.17922879692662,6979.0,0.0,-375414189.16255885,6979.0,True,True,True,True
metadata_qualt5_ALLMETAPJ_ck1,dev.small,0.3,30.0,BM25,nDCG@10,6980,0.2299347532023317,0.2413293057886379,0.0113945525863062,-0.05,-0.0114967376601165,1000000.0,0.0063203181942581,0.0164687869783542,5.798202184745796e-19,8.843479313287766,6979.0,0.0,-386325065.87968487,6979.0,True,True,True,True
metadata_qualt5_ALLMETAPJ_ck1,dev.small,0.3,30.0,SPLADE,RR@10,6980,0.2969339837176513,0.2859153704461727,-0.0110186132714786,-0.05,-0.0148466991858825,1000000.0,-0.0144823567788412,-0.0075548697641159,0.0151532385414407,2.1665033666986973,6979.0,0.0,-565949521.2525513,6979.0,True,True,True,True
metadata_qualt5_ALLMETAPJ_ck1,dev.small,0.45,45.0,BM25,RR@10,6980,0.1842761631873379,0.1939043525719743,0.0096281893846363,-0.05,-0.0092138081593668,1000000.0,0.0036033459314465,0.0156530328378262,4.615368430504319e-10,6.1306227542060725,6979.0,0.0,-325370103.7197316,6979.0,True,True,True,True
metadata_qualt5_ALLMETAPJ_ck1,dev.small,0.45,45.0,BM25,nDCG@10,6980,0.2299347532023317,0.2322959582617472,0.0023612050594155,-0.05,-0.0114967376601165,1000000.0,-0.0036868265682708,0.0084092366871019,3.5901760124958727e-06,4.491672933774157,6979.0,0.0,-324122635.9550171,6979.0,True,True,True,True
metadata_qualt5_ATTFUS_2S,dev.small,0.15,15.0,BM25,R@100,6980,0.6777578796561604,0.6610792741165233,-0.016678605539637,-0.05,-0.033887893982808,1000000.0,-0.0228282143694365,-0.0105289967098376,2.1303644025632563e-08,5.485785711822746,6979.0,0.0,-318768891.6618099,6979.0,True,True,True,True
metadata_qualt5_ATTFUS_2S,dev.small,0.15,15.0,BM25,RR@10,6980,0.1842761631873379,0.1975857324782826,0.0133095692909446,-0.05,-0.0092138081593668,1000000.0,0.0088177058076828,0.0178014327742064,5.893933802000556e-23,9.829476370088583,6979.0,0.0,-436412179.3433127,6979.0,True,True,True,True
metadata_qualt5_ATTFUS_2S,dev.small,0.15,15.0,BM25,nDCG@10,6980,0.2299347532023317,0.2415346907380003,0.0115999375356685,-0.05,-0.0114967376601165,1000000.0,0.0073627530379537,0.0158371220333834,9.519366688153006e-27,10.68551625034126,6979.0,0.0,-462643044.326133,6979.0,True,True,True,True
metadata_qualt5_ATTFUS_2S,dev.small,0.15,15.0,SPLADE,R@100,6980,0.8166905444126075,0.7924665711556829,-0.0242239732569245,-0.05,-0.0408345272206303,1000000.0,-0.0284524853578488,-0.0199954611560002,7.712185297025444e-15,7.700518268524842,6979.0,0.0,-463591911.0155912,6979.0,True,True,True,True
metadata_qualt5_ATTFUS_2S,dev.small,0.15,15.0,SPLADE,RR@10,6980,0.2969339837176513,0.2916317596761723,-0.005302224041479,-0.05,-0.0148466991858825,1000000.0,-0.0077152624153288,-0.0028891856676292,5.095829239951816e-15,7.753740100715012,6979.0,0.0,-812379939.6526852,6979.0,True,True,True,True
metadata_qualt5_ATTFUS_2S,dev.small,0.15,15.0,SPLADE,nDCG@10,6980,0.3525535290063942,0.3457355097048164,-0.0068180193015777,-0.05,-0.0176276764503197,1000000.0,-0.0092679806007603,-0.0043680580023951,3.180907646166533e-18,8.649203439179766,6979.0,0.0,-800136709.1607358,6979.0,True,True,True,True
metadata_qualt5_ATTFUS_2S,dev.small,0.15,15.0,TAS-B,R@100,6980,0.8869149952244508,0.8583333333333333,-0.0285816618911174,-0.05,-0.0443457497612225,1000000.0,-0.032903441430864,-0.0242598823513709,4.766404658992834e-13,7.15038876091005,6979.0,0.0,-453587230.9390005,6979.0,True,True,True,True
metadata_qualt5_ATTFUS_2S,dev.small,0.15,15.0,TAS-B,RR@10,6980,0.3472977213808159,0.3408383362896257,-0.0064593850911902,-0.05,-0.0173648860690407,1000000.0,-0.009293531019197,-0.0036252391631834,2.586618379135663e-14,7.543047279624865,6979.0,0.0,-691673618.9991187,6979.0,True,True,True,True
metadata_qualt5_ATTFUS_2S,dev.small,0.15,15.0,TAS-B,nDCG@10,6980,0.4106574638556805,0.4017949355905429,-0.0088625282651376,-0.05,-0.020532873192784,1000000.0,-0.0116855872675972,-0.006039469262678,3.1206208150757147e-16,8.103770886304133,6979.0,0.0,-694390012.323171,6979.0,True,True,True,True
metadata_qualt5_ATTFUS_2S,dev.small,0.3,30.0,BM25,RR@10,6980,0.1842761631873379,0.1985633556192295,0.0142871924318915,-0.05,-0.0092138081593668,1000000.0,0.009064835827168,0.019509549036615,7.041279223178373e-19,8.821516408411947,6979.0,0.0,-375367689.05314326,6979.0,True,True,True,True
metadata_qualt5_ATTFUS_2S,dev.small,0.3,30.0,BM25,nDCG@10,6980,0.2299347532023317,0.2405188414064522,0.0105840882041205,-0.05,-0.0114967376601165,1000000.0,0.0055206877613019,0.015647488646939,7.570129858226194e-18,8.548628699102158,6979.0,0.0,-387151670.01377314,6979.0,True,True,True,True
metadata_qualt5_ATTFUS_2S,dev.small,0.3,30.0,SPLADE,RR@10,6980,0.2969339837176513,0.2856532837585846,-0.0112806999590667,-0.05,-0.0148466991858825,1000000.0,-0.0147574625956273,-0.0078039373225061,0.0222020946292642,2.010618247423466,6979.0,0.0,-563830259.6885223,6979.0,True,True,True,True
metadata_qualt5_ATTFUS_2S,dev.small,0.45,45.0,BM25,RR@10,6980,0.1842761631873379,0.1922868626915904,0.0080106995042525,-0.05,-0.0092138081593668,1000000.0,0.0020179435443186,0.0140034554641863,9.128531754823832e-09,5.634347665021622,6979.0,0.0,-327112259.457325,6979.0,True,True,True,True
metadata_qualt5_ATTFUS_2S,dev.small,0.45,45.0,BM25,nDCG@10,6980,0.2299347532023317,0.230380788764908,0.0004460355625763,-0.05,-0.0114967376601165,1000000.0,-0.0055661515004647,0.0064582226256174,4.976198455893835e-05,3.894001529569232,6979.0,0.0,-326055050.63373613,6979.0,True,True,True,True
metadata_qualt5_ATTFUS_2S,dev.small,0.6,60.0,BM25,RR@10,6980,0.1842761631873379,0.1813802474189293,-0.0028959157684086,-0.05,-0.0092138081593668,1000000.0,-0.0097189798800467,0.0039271483432295,0.0347707042834657,1.8151653360450144,6979.0,0.0,-287305517.2480164,6979.0,True,True,False,True
metadata_qualt5_ATTFUS_ck5,dev.small,0.15,15.0,BM25,R@100,6980,0.6777578796561604,0.6637774594078318,-0.0139804202483285,-0.05,-0.033887893982808,1000000.0,-0.0200874407641856,-0.0078733997324714,8.8202796662321e-11,6.390137294743631,6979.0,0.0,-320991878.1915963,6979.0,True,True,True,True
metadata_qualt5_ATTFUS_ck5,dev.small,0.15,15.0,BM25,RR@10,6980,0.1842761631873379,0.1984385091190248,0.0141623459316869,-0.05,-0.0092138081593668,1000000.0,0.0096839528676665,0.0186407389957072,1.0557041418752117e-24,10.232323678506823,6979.0,0.0,-437724849.5940181,6979.0,True,True,True,True
metadata_qualt5_ATTFUS_ck5,dev.small,0.15,15.0,BM25,nDCG@10,6980,0.2299347532023317,0.2425993738808407,0.012664620678509,-0.05,-0.0114967376601165,1000000.0,0.008465648970205,0.016863592386813,1.4772555914351478e-29,11.279810790681717,6979.0,0.0,-466853332.0742445,6979.0,True,True,True,True
metadata_qualt5_ATTFUS_ck5,dev.small,0.15,15.0,SPLADE,R@100,6980,0.8166905444126075,0.7948304680038204,-0.021860076408787,-0.05,-0.0408345272206303,1000000.0,-0.0259985951526516,-0.0177215576649224,1.601220074052922e-19,8.987682147148172,6979.0,0.0,-473672857.9258646,6979.0,True,True,True,True
metadata_qualt5_ATTFUS_ck5,dev.small,0.15,15.0,SPLADE,RR@10,6980,0.2969339837176513,0.2922788465911675,-0.0046551371264838,-0.05,-0.0148466991858825,1000000.0,-0.0069720944123696,-0.0023381798405979,3.999207906518157e-18,8.622756908945894,6979.0,0.0,-846068237.5116421,6979.0,True,True,True,True
metadata_qualt5_ATTFUS_ck5,dev.small,0.15,15.0,SPLADE,nDCG@10,6980,0.3525535290063942,0.3468353852233945,-0.0057181437829996,-0.05,-0.0176276764503197,1000000.0,-0.0080657339041143,-0.0033705536618849,1.893110690577399e-23,9.944795651203703,6979.0,0.0,-835028206.888262,6979.0,True,True,True,True
metadata_qualt5_ATTFUS_ck5,dev.small,0.15,15.0,TAS-B,R@100,6980,0.8869149952244508,0.8606017191977078,-0.026313276026743,-0.05,-0.0443457497612225,1000000.0,-0.0305304286588025,-0.0220961233946836,3.110903949281352e-17,8.382226758384949,6979.0,0.0,-464840659.2669166,6979.0,True,True,True,True
metadata_qualt5_ATTFUS_ck5,dev.small,0.15,15.0,TAS-B,RR@10,6980,0.3472977213808159,0.3410831400372947,-0.0062145813435211,-0.05,-0.0173648860690407,1000000.0,-0.0090398555986409,-0.0033893070884013,5.825550876111989e-15,7.736589270306539,6979.0,0.0,-693845550.3085513,6979.0,True,True,True,True
metadata_qualt5_ATTFUS_ck5,dev.small,0.15,15.0,TAS-B,nDCG@10,6980,0.4106574638556805,0.4026364269469771,-0.0080210369087034,-0.05,-0.020532873192784,1000000.0,-0.0108147605787442,-0.0052273132386626,1.0212989925894869e-18,8.779322899478485,6979.0,0.0,-701681413.5482342,6979.0,True,True,True,True
metadata_qualt5_ATTFUS_ck5,dev.small,0.3,30.0,BM25,RR@10,6980,0.1842761631873379,0.197305851184791,0.013029687997453,-0.05,-0.0092138081593668,1000000.0,0.0078504423434611,0.0182089336514449,2.281792101619693e-17,8.418989264457554,6979.0,0.0,-378492171.16795087,6979.0,True,True,True,True
metadata_qualt5_ATTFUS_ck5,dev.small,0.3,30.0,BM25,nDCG@10,6980,0.2299347532023317,0.2387982323243483,0.0088634791220166,-0.05,-0.0114967376601165,1000000.0,0.0038381636164425,0.0138887946275908,1.149135936990723e-15,7.942230393734514,6979.0,0.0,-390085744.5834405,6979.0,True,True,True,True
metadata_qualt5_ATTFUS_ck5,dev.small,0.3,30.0,SPLADE,RR@10,6980,0.2969339837176513,0.2854792604720971,-0.0114547232455541,-0.05,-0.0148466991858825,1000000.0,-0.0149338509735573,-0.007975595517551,0.0280099956118416,1.911198547900532,6979.0,0.0,-563446971.15032,6979.0,True,True,False,True
metadata_qualt5_ATTFUS_ck5,dev.small,0.45,45.0,BM25,RR@10,6980,0.1842761631873379,0.1905703938691045,0.0062942306817665,-0.05,-0.0092138081593668,1000000.0,0.0002771532032758,0.0123113081602571,2.237286775464769e-07,5.052364712244172,6979.0,0.0,-325790045.5499615,6979.0,True,True,True,True
metadata_qualt5_ATTFUS_ck5,dev.small,0.45,45.0,BM25,nDCG@10,6980,0.2299347532023317,0.2284786998505786,-0.001456053351753,-0.05,-0.0114967376601165,1000000.0,-0.0074914706448359,0.0045793639413298,0.000557342467175,3.2612149643098194,6979.0,0.0,-324800070.284237,6979.0,True,True,True,True
metadata_qualt5_CONCAT,dev.small,0.15,15.0,BM25,R@100,6980,0.6777578796561604,0.6659980897803246,-0.0117597898758357,-0.05,-0.033887893982808,1000000.0,-0.0177276866329938,-0.0057918931186775,2.0147563965484846e-13,7.268525551294689,6979.0,0.0,-328474848.1674395,6979.0,True,True,True,True
metadata_qualt5_CONCAT,dev.small,0.15,15.0,BM25,RR@10,6980,0.1842761631873379,0.1989407377086459,0.014664574521308,-0.05,-0.0092138081593668,1000000.0,0.0102976141300688,0.0190315349125472,6.679891848919107e-27,10.718871683989644,6979.0,0.0,-448894369.0259584,6979.0,True,True,True,True
metadata_qualt5_CONCAT,dev.small,0.15,15.0,BM25,nDCG@10,6980,0.2299347532023317,0.2434614200693322,0.0135266668670004,-0.05,-0.0114967376601165,1000000.0,0.0094443309383189,0.017609002795682,3.08837622189205e-33,12.016031947750909,6979.0,0.0,-480191724.9985972,6979.0,True,True,True,True
metadata_qualt5_CONCAT,dev.small,0.15,15.0,SPLADE,R@100,6980,0.8166905444126075,0.7976241642788919,-0.0190663801337153,-0.05,-0.0408345272206303,1000000.0,-0.0230724557915589,-0.0150603044758717,1.3593771579827054e-26,10.651866949184408,6979.0,0.0,-489332744.2959016,6979.0,True,True,True,True
metadata_qualt5_CONCAT,dev.small,0.15,15.0,SPLADE,RR@10,6980,0.2969339837176513,0.2934722222222222,-0.0034617614954291,-0.05,-0.0148466991858825,1000000.0,-0.005602071363944,-0.0013214516269141,1.4239332029058403e-25,10.427433310479806,6979.0,0.0,-915897269.7163508,6979.0,True,True,True,True
metadata_qualt5_CONCAT,dev.small,0.15,15.0,SPLADE,nDCG@10,6980,0.3525535290063942,0.3480347471483621,-0.004518781858032,-0.05,-0.0176276764503197,1000000.0,-0.0066774723354876,-0.0023600913805765,1.1561671747677281e-32,11.904169784594934,6979.0,0.0,-908098677.1677043,6979.0,True,True,True,True
metadata_qualt5_CONCAT,dev.small,0.15,15.0,TAS-B,R@100,6980,0.8869149952244508,0.8630611270296084,-0.0238538681948424,-0.05,-0.0443457497612225,1000000.0,-0.0278921188282648,-0.0198156175614199,1.843898543760417e-23,9.94745502216079,6979.0,0.0,-485433962.0899573,6979.0,True,True,True,True
metadata_qualt5_CONCAT,dev.small,0.15,15.0,TAS-B,RR@10,6980,0.3472977213808159,0.3427457702278619,-0.004551951152954,-0.05,-0.0173648860690407,1000000.0,-0.0072340882175179,-0.00186981408839,5.045481097803805e-21,9.36463962381364,6979.0,0.0,-730873896.4000838,6979.0,True,True,True,True
metadata_qualt5_CONCAT,dev.small,0.15,15.0,TAS-B,nDCG@10,6980,0.4106574638556805,0.40418103962394,-0.0064764242317405,-0.05,-0.020532873192784,1000000.0,-0.0091037850598331,-0.003849063403648,7.615242524570056e-26,10.487677307590396,6979.0,0.0,-746111439.9930564,6979.0,True,True,True,True
metadata_qualt5_CONCAT,dev.small,0.3,30.0,BM25,RR@10,6980,0.1842761631873379,0.1986066198208032,0.0143304566334652,-0.05,-0.0092138081593668,1000000.0,0.009215569084679,0.0194453441822513,1.1601528589077821e-19,9.023446757043589,6979.0,0.0,-383254550.8271974,6979.0,True,True,True,True
metadata_qualt5_CONCAT,dev.small,0.3,30.0,BM25,nDCG@10,6980,0.2299347532023317,0.2408793955532321,0.0109446423509004,-0.05,-0.0114967376601165,1000000.0,0.0059890251714121,0.0159002595303886,4.299779463440838e-19,8.877184106081906,6979.0,0.0,-395572108.514106,6979.0,True,True,True,True
metadata_qualt5_CONCAT,dev.small,0.3,30.0,SPLADE,RR@10,6980,0.2969339837176513,0.2868779847182426,-0.0100559989994087,-0.05,-0.0148466991858825,1000000.0,-0.0133839616499153,-0.0067280363489021,0.002393637555694,2.821915244856154,6979.0,0.0,-589040257.8731166,6979.0,True,True,True,True
metadata_qualt5_CONCAT,dev.small,0.45,45.0,BM25,RR@10,6980,0.1842761631873379,0.1949611702369582,0.0106850070496202,-0.05,-0.0092138081593668,1000000.0,0.0048398338572281,0.0165301802420122,1.3447113877275196e-11,6.673493655777463,6979.0,0.0,-335371403.49225974,6979.0,True,True,True,True
metadata_qualt5_CONCAT,dev.small,0.45,45.0,BM25,nDCG@10,6980,0.2299347532023317,0.2340510422559807,0.0041162890536489,-0.05,-0.0114967376601165,1000000.0,-0.001734980280449,0.009967558387747,8.688735344412301e-08,5.230707444465952,6979.0,0.0,-335021999.182457,6979.0,True,True,True,True
metadata_qualt5_CONCAT,dev.small,0.6,60.0,BM25,RR@10,6980,0.1842761631873379,0.1841862805294037,-8.988265793423145e-05,-0.05,-0.0092138081593668,1000000.0,-0.006744109535579,0.0065643442197105,0.0036040481368657,2.6878655632051363,6979.0,0.0,-294595299.25191426,6979.0,True,True,True,True
metadata_qualt5_CONCAT-V2-FA-ck1,dev.small,0.15,15.0,BM25,R@100,6980,0.6777578796561604,0.663323782234957,-0.0144340974212034,-0.05,-0.033887893982808,1000000.0,-0.0205804178251525,-0.0082877770172543,2.8989295502690943e-10,6.204582887663833,6979.0,0.0,-318939439.7938344,6979.0,True,True,True,True
metadata_qualt5_CONCAT-V2-FA-ck1,dev.small,0.15,15.0,BM25,RR@10,6980,0.1842761631873379,0.1981535111656888,0.0138773479783508,-0.05,-0.0092138081593668,1000000.0,0.0094099630882583,0.0183447328684433,2.9021810160734336e-24,10.132479266570368,6979.0,0.0,-438803456.4197395,6979.0,True,True,True,True
metadata_qualt5_CONCAT-V2-FA-ck1,dev.small,0.15,15.0,BM25,nDCG@10,6980,0.2299347532023317,0.2424793694626738,0.0125446162603421,-0.05,-0.0114967376601165,1000000.0,0.0083474084174587,0.0167418241032254,2.6162105181353334e-29,11.228503093807433,6979.0,0.0,-467049526.0000701,6979.0,True,True,True,True
metadata_qualt5_CONCAT-V2-FA-ck1,dev.small,0.15,15.0,SPLADE,R@100,6980,0.8166905444126075,0.793564947468959,-0.0231255969436485,-0.05,-0.0408345272206303,1000000.0,-0.0273320451813469,-0.01891914870595,9.170760775302059e-17,8.252778628098714,6979.0,0.0,-466023564.9397832,6979.0,True,True,True,True
metadata_qualt5_CONCAT-V2-FA-ck1,dev.small,0.15,15.0,SPLADE,RR@10,6980,0.2969339837176513,0.2919441601855642,-0.0049898235320871,-0.05,-0.0148466991858825,1000000.0,-0.0072585659774258,-0.0027210810867483,9.9384512985167e-18,8.516820584313589,6979.0,0.0,-864048703.2553352,6979.0,True,True,True,True
metadata_qualt5_CONCAT-V2-FA-ck1,dev.small,0.15,15.0,SPLADE,nDCG@10,6980,0.3525535290063942,0.3460788967622563,-0.0064746322441379,-0.05,-0.0176276764503197,1000000.0,-0.008801778906746,-0.0041474855815297,3.7995674352935985e-21,9.394919991039666,6979.0,0.0,-842363741.9693013,6979.0,True,True,True,True
metadata_qualt5_CONCAT-V2-FA-ck1,dev.small,0.15,15.0,TAS-B,R@100,6980,0.8869149952244508,0.8599331423113658,-0.026981852913085,-0.05,-0.0443457497612225,1000000.0,-0.0312545102701335,-0.0227091955560364,9.45565657346128e-16,7.966591485244393,6979.0,0.0,-458802063.2622159,6979.0,True,True,True,True
metadata_qualt5_CONCAT-V2-FA-ck1,dev.small,0.15,15.0,TAS-B,RR@10,6980,0.3472977213808159,0.3408144016919088,-0.006483319688907,-0.05,-0.0173648860690407,1000000.0,-0.0092746633503121,-0.003691976027502,1.2134207610093356e-14,7.641903052142911,6979.0,0.0,-702279693.4492357,6979.0,True,True,True,True
metadata_qualt5_CONCAT-V2-FA-ck1,dev.small,0.15,15.0,TAS-B,nDCG@10,6980,0.4106574638556805,0.4019206717436282,-0.0087367921120522,-0.05,-0.020532873192784,1000000.0,-0.0115000663610861,-0.0059735178630183,3.497349643647721e-17,8.368298745992789,6979.0,0.0,-709413470.6122047,6979.0,True,True,True,True
metadata_qualt5_CONCAT-V2-FA-ck1,dev.small,0.3,30.0,BM25,RR@10,6980,0.1842761631873379,0.2011277686814936,0.0168516054941556,-0.05,-0.0092138081593668,1000000.0,0.0116378012161497,0.0220654097721614,7.850644429661028e-23,9.800163341562143,6979.0,0.0,-375983412.60504967,6979.0,True,True,True,True
metadata_qualt5_CONCAT-V2-FA-ck1,dev.small,0.3,30.0,BM25,nDCG@10,6980,0.2299347532023317,0.2429362209649029,0.0130014677625712,-0.05,-0.0114967376601165,1000000.0,0.0079669765156858,0.0180359590094566,9.739795219777187e-22,9.538983524299042,6979.0,0.0,-389374782.1807464,6979.0,True,True,True,True
metadata_qualt5_CONCAT-V2-FA-ck1,dev.small,0.3,30.0,SPLADE,RR@10,6980,0.2969339837176513,0.2865290285168508,-0.0104049552008004,-0.05,-0.0148466991858825,1000000.0,-0.0137567865168625,-0.0070531238847384,0.0047019047576606,2.5977346393441816,6979.0,0.0,-584845654.1165287,6979.0,True,True,True,True
metadata_qualt5_CONCAT-V2-FA-ck1,dev.small,0.3,30.0,TAS-B,RR@10,6980,0.3472977213808159,0.3331676672579251,-0.0141300541228907,-0.05,-0.0173648860690407,1000000.0,-0.0179278487825619,-0.0103322594632196,0.0475098065045084,1.6697200444439977,6979.0,0.0,-516169030.0556374,6979.0,True,True,False,True
metadata_qualt5_CONCAT-V2-FA-ck1,dev.small,0.45,45.0,BM25,RR@10,6980,0.1842761631873379,0.1938280574885159,0.0095518943011779,-0.05,-0.0092138081593668,1000000.0,0.0035484220873166,0.0155553665150392,4.705341073862457e-10,6.127534116944859,6979.0,0.0,-326528360.5182657,6979.0,True,True,True,True
metadata_qualt5_CONCAT-V2-FA-ck1,dev.small,0.45,45.0,BM25,nDCG@10,6980,0.2299347532023317,0.2329736785170976,0.0030389253147659,-0.05,-0.0114967376601165,1000000.0,-0.0029976826139251,0.0090755332434569,1.2007233961243876e-06,4.720253162099667,6979.0,0.0,-324736006.6005745,6979.0,True,True,True,True
metadata_qualt5_CONCAT-V2-FA-ck1,dev.small,0.6,60.0,BM25,RR@10,6980,0.1842761631873379,0.1840099831718742,-0.0002661800154636,-0.05,-0.0092138081593668,1000000.0,-0.0070950307716971,0.0065626707407697,0.0051169273692294,2.5685245574288325,6979.0,0.0,-287062058.99522954,6979.0,True,True,True,True
metadata_qualt5_CONCAT_2S,dev.small,0.15,15.0,BM25,R@100,6980,0.6777578796561604,0.664851957975167,-0.0129059216809933,-0.05,-0.033887893982808,1000000.0,-0.0189838557224393,-0.0068279876395472,7.094164910950104e-12,6.767273726931366,6979.0,0.0,-322528011.99646884,6979.0,True,True,True,True
metadata_qualt5_CONCAT_2S,dev.small,0.15,15.0,BM25,RR@10,6980,0.1842761631873379,0.198475462773457,0.014199299586119,-0.05,-0.0092138081593668,1000000.0,0.0097215061415163,0.0186770930307218,8.829399865803105e-25,10.249871583739136,6979.0,0.0,-437783465.1264657,6979.0,True,True,True,True
metadata_qualt5_CONCAT_2S,dev.small,0.15,15.0,BM25,nDCG@10,6980,0.2299347532023317,0.2429205814240641,0.0129858282217324,-0.05,-0.0114967376601165,1000000.0,0.0087924996992122,0.0171791567442526,2.3029022451873283e-30,11.445149252130118,6979.0,0.0,-467481601.3459861,6979.0,True,True,True,True
metadata_qualt5_CONCAT_2S,dev.small,0.15,15.0,SPLADE,R@100,6980,0.8166905444126075,0.7940902578796561,-0.0226002865329512,-0.05,-0.0408345272206303,1000000.0,-0.0267764208754094,-0.018424152190493,6.90983024483861e-18,8.559268275976878,6979.0,0.0,-469406355.6593452,6979.0,True,True,True,True
metadata_qualt5_CONCAT_2S,dev.small,0.15,15.0,SPLADE,RR@10,6980,0.2969339837176513,0.2917768454086505,-0.0051571383090007,-0.05,-0.0148466991858825,1000000.0,-0.0074477697416585,-0.0028665068763429,6.606691886227626e-17,8.29224827212365,6979.0,0.0,-855791962.1179426,6979.0,True,True,True,True
metadata_qualt5_CONCAT_2S,dev.small,0.15,15.0,SPLADE,nDCG@10,6980,0.3525535290063942,0.3461338901630349,-0.0064196388433593,-0.05,-0.0176276764503197,1000000.0,-0.0087532313808302,-0.0040860463058883,3.1417462269150173e-21,9.415165728824148,6979.0,0.0,-840036955.5700921,6979.0,True,True,True,True
metadata_qualt5_CONCAT_2S,dev.small,0.15,15.0,TAS-B,R@100,6980,0.8869149952244508,0.8609598853868194,-0.0259551098376313,-0.05,-0.0443457497612225,1000000.0,-0.0301461241703248,-0.0217640955049378,4.7827735092230454e-18,8.602033153071622,6979.0,0.0,-467739753.0525181,6979.0,True,True,True,True
metadata_qualt5_CONCAT_2S,dev.small,0.15,15.0,TAS-B,RR@10,6980,0.3472977213808159,0.3409195774776004,-0.0063781439032155,-0.05,-0.0173648860690407,1000000.0,-0.0091737614936572,-0.0035825263127737,7.508298673110462e-15,7.703970038068986,6979.0,0.0,-701206050.9774729,6979.0,True,True,True,True
metadata_qualt5_CONCAT_2S,dev.small,0.15,15.0,TAS-B,nDCG@10,6980,0.4106574638556805,0.402236836427928,-0.0084206274277524,-0.05,-0.020532873192784,1000000.0,-0.0111847274490255,-0.0056565274064793,5.3043324191218376e-18,8.590023201889755,6979.0,0.0,-709201533.7917606,6979.0,True,True,True,True
metadata_qualt5_CONCAT_2S,dev.small,0.3,30.0,BM25,RR@10,6980,0.1842761631873379,0.20189111747851,0.017614954291172,-0.05,-0.0092138081593668,1000000.0,0.0124267628738652,0.0228031457084788,2.7737612621384675e-24,10.136967778055077,6979.0,0.0,-377839552.53922695,6979.0,True,True,True,True
metadata_qualt5_CONCAT_2S,dev.small,0.3,30.0,BM25,nDCG@10,6980,0.2299347532023317,0.2442525858187424,0.0143178326164107,-0.05,-0.0114967376601165,1000000.0,0.009316570196608,0.0193190950362133,3.3469363233406396e-24,10.118326143060964,6979.0,0.0,-391961821.94010246,6979.0,True,True,True,True
metadata_qualt5_CONCAT_2S,dev.small,0.3,30.0,SPLADE,RR@10,6980,0.2969339837176513,0.2873281370810024,-0.0096058466366489,-0.05,-0.0148466991858825,1000000.0,-0.0129108408871947,-0.0063008523861031,0.0009438939594545,3.108527040421112,6979.0,0.0,-593133853.9062123,6979.0,True,True,True,True
metadata_qualt5_CONCAT_2S,dev.small,0.3,30.0,SPLADE,nDCG@10,6980,0.3525535290063942,0.3386019541932685,-0.0139515748131256,-0.05,-0.0176276764503197,1000000.0,-0.017406534275498,-0.0104966153507531,0.0185175090364079,2.0857774652281944,6979.0,0.0,-567388418.5422366,6979.0,True,True,True,True
metadata_qualt5_CONCAT_2S,dev.small,0.3,30.0,TAS-B,RR@10,6980,0.3472977213808159,0.3334436826306454,-0.0138540387501705,-0.05,-0.0173648860690407,1000000.0,-0.0175616530845957,-0.0101464244157453,0.03172870272392,1.8562685529835232,6979.0,0.0,-528723812.2612727,6979.0,True,True,False,True
metadata_qualt5_CONCAT_2S,dev.small,0.45,45.0,BM25,RR@10,6980,0.1842761631873379,0.1960027516259607,0.0117265884386228,-0.05,-0.0092138081593668,1000000.0,0.0057046980934407,0.0177484787838048,5.046476960893976e-12,6.816720329152372,6979.0,0.0,-325529663.0757177,6979.0,True,True,True,True
metadata_qualt5_CONCAT_2S,dev.small,0.45,45.0,BM25,nDCG@10,6980,0.2299347532023317,0.2350777201663338,0.0051429669640021,-0.05,-0.0114967376601165,1000000.0,-0.0008726971412902,0.0111586310692944,3.0400052214074744e-08,5.422323830903233,6979.0,0.0,-325866589.91271484,6979.0,True,True,True,True
metadata_qualt5_CONCAT_2S,dev.small,0.6,60.0,BM25,RR@10,6980,0.1842761631873379,0.185931800609451,0.001655637422113,-0.05,-0.0092138081593668,1000000.0,-0.0051239925139621,0.0084352673581883,0.0008400374627994,3.142858444634974,6979.0,0.0,-289146158.91601104,6979.0,True,True,True,True
metadata_qualt5_MP,dev.small,0.15,15.0,BM25,R@100,6980,0.6777578796561604,0.6652817574021012,-0.0124761222540592,-0.05,-0.033887893982808,1000000.0,-0.0185220184338275,-0.0064302260742909,2.099727980033572e-12,6.942491174588861,6979.0,0.0,-324237122.8852024,6979.0,True,True,True,True
metadata_qualt5_MP,dev.small,0.15,15.0,BM25,RR@10,6980,0.1842761631873379,0.1986553417928776,0.0143791786055396,-0.05,-0.0092138081593668,1000000.0,0.009950815998927,0.0188075412121522,1.200311696132038e-25,10.44391109038394,6979.0,0.0,-442670147.8824167,6979.0,True,True,True,True
metadata_qualt5_MP,dev.small,0.15,15.0,BM25,nDCG@10,6980,0.2299347532023317,0.2429360935972424,0.0130013403949107,-0.05,-0.0114967376601165,1000000.0,0.0088614218382629,0.0171412589515585,3.9395512949340732e-31,11.600150756787995,6979.0,0.0,-473512680.4606608,6979.0,True,True,True,True
metadata_qualt5_MP,dev.small,0.15,15.0,SPLADE,R@100,6980,0.8166905444126075,0.7962392550143267,-0.0204512893982808,-0.05,-0.0408345272206303,1000000.0,-0.0245429426479983,-0.0163596361485632,1.0999178314492676e-22,9.765573802103448,6979.0,0.0,-479098271.1840992,6979.0,True,True,True,True
metadata_qualt5_MP,dev.small,0.15,15.0,SPLADE,RR@10,6980,0.2969339837176513,0.2922467253376996,-0.0046872583799517,-0.05,-0.0148466991858825,1000000.0,-0.0069316561113732,-0.0024428606485302,4.444107321261479e-19,8.873468256304829,6979.0,0.0,-873420935.9945284,6979.0,True,True,True,True
metadata_qualt5_MP,dev.small,0.15,15.0,SPLADE,nDCG@10,6980,0.3525535290063942,0.3468155241846199,-0.0057380048217743,-0.05,-0.0176276764503197,1000000.0,-0.0080174623769312,-0.0034585472666174,1.1377768529133114e-24,10.22496352328156,6979.0,0.0,-859987046.0176373,6979.0,True,True,True,True
metadata_qualt5_MP,dev.small,0.15,15.0,TAS-B,R@100,6980,0.8869149952244508,0.8620343839541548,-0.024880611270296,-0.05,-0.0443457497612225,1000000.0,-0.0290255513012766,-0.0207356712393155,2.2013546598178563e-20,9.205823906783351,6979.0,0.0,-472939051.5315938,6979.0,True,True,True,True
metadata_qualt5_MP,dev.small,0.15,15.0,TAS-B,RR@10,6980,0.3472977213808159,0.3418725837995178,-0.005425137581298,-0.05,-0.0173648860690407,1000000.0,-0.0081698278261828,-0.0026804473364132,9.06604797949404e-18,8.527569281547553,6979.0,0.0,-714216830.9964923,6979.0,True,True,True,True
metadata_qualt5_MP,dev.small,0.15,15.0,TAS-B,nDCG@10,6980,0.4106574638556805,0.4031600509102924,-0.0074974129453882,-0.05,-0.020532873192784,1000000.0,-0.0101983197823012,-0.0047965061084751,2.0386856035788663e-21,9.461068397409209,6979.0,0.0,-725794739.0260224,6979.0,True,True,True,True
metadata_qualt5_MP,dev.small,0.3,30.0,BM25,RR@10,6980,0.1842761631873379,0.1993393255105289,0.0150631623231909,-0.05,-0.0092138081593668,1000000.0,0.0098904294120545,0.0202358952343274,2.317955599694559e-20,9.200212372457058,6979.0,0.0,-378968711.9520447,6979.0,True,True,True,True
metadata_qualt5_MP,dev.small,0.3,30.0,BM25,nDCG@10,6980,0.2299347532023317,0.2412176271404961,0.0112828739381643,-0.05,-0.0114967376601165,1000000.0,0.0062830409460584,0.0162827069302702,2.654701390201024e-19,8.931290875387914,6979.0,0.0,-392073883.08988,6979.0,True,True,True,True
metadata_qualt5_MP,dev.small,0.3,30.0,SPLADE,RR@10,6980,0.2969339837176513,0.2862244167007777,-0.0107095670168736,-0.05,-0.0148466991858825,1000000.0,-0.0140737926664383,-0.0073453413673088,0.007974474654119,2.410669619405528,6979.0,0.0,-582690991.426611,6979.0,True,True,True,True
metadata_qualt5_MP,dev.small,0.45,45.0,BM25,RR@10,6980,0.1842761631873379,0.1938644426251876,0.0095882794378496,-0.05,-0.0092138081593668,1000000.0,0.0037521020029724,0.0154244568727268,1.4300221245112382e-10,6.3154020160073845,6979.0,0.0,-335888338.07946295,6979.0,True,True,True,True
metadata_qualt5_MP,dev.small,0.45,45.0,BM25,nDCG@10,6980,0.2299347532023317,0.2335275628430604,0.0035928096407287,-0.05,-0.0114967376601165,1000000.0,-0.0022405523219906,0.009426171603448,2.03124151046943e-07,5.070849278569993,6979.0,0.0,-336050456.6009962,6979.0,True,True,True,True
metadata_qualt5_MP,dev.small,0.6,60.0,BM25,RR@10,6980,0.1842761631873379,0.1874500841406285,0.0031739209532905,-0.05,-0.0092138081593668,1000000.0,-0.003442937285163,0.0097907791917442,0.0001221911167073,3.669976526126336,6979.0,0.0,-296259022.2229051,6979.0,True,True,True,True
metadata_qualt5_POOLEDCONCAT,dev.small,0.15,15.0,BM25,R@100,6980,0.6777578796561604,0.6636103151862465,-0.014147564469914,-0.05,-0.033887893982808,1000000.0,-0.0203834415931135,-0.0079116873467145,2.8812577003598426e-10,6.205549807103217,6979.0,0.0,-314358982.247145,6979.0,True,True,True,True
metadata_qualt5_POOLEDCONCAT,dev.small,0.15,15.0,BM25,RR@10,6980,0.1842761631873379,0.1985775685632419,0.0143014053759039,-0.05,-0.0092138081593668,1000000.0,0.0097584647591786,0.0188443459926292,2.508135218066239e-24,10.146944470249084,6979.0,0.0,-431505514.92606926,6979.0,True,True,True,True
metadata_qualt5_POOLEDCONCAT,dev.small,0.15,15.0,BM25,nDCG@10,6980,0.2299347532023317,0.2428503303894169,0.0129155771870851,-0.05,-0.0114967376601165,1000000.0,0.0086358401061575,0.0171953142680128,4.387706913370825e-29,11.18189190533246,6979.0,0.0,-458043075.0176721,6979.0,True,True,True,True
metadata_qualt5_POOLEDCONCAT,dev.small,0.15,15.0,SPLADE,R@100,6980,0.8166905444126075,0.7934933142311367,-0.0231972301814708,-0.05,-0.0408345272206303,1000000.0,-0.0274477697573594,-0.0189466906055822,2.4356501041787835e-16,8.134135109050591,6979.0,0.0,-461189448.6825303,6979.0,True,True,True,True
metadata_qualt5_POOLEDCONCAT,dev.small,0.15,15.0,SPLADE,RR@10,6980,0.2969339837176513,0.2920404102424159,-0.0048935734752353,-0.05,-0.0148466991858825,1000000.0,-0.0072137549474644,-0.0025733920030063,2.4758855829584787e-17,8.409321408656584,6979.0,0.0,-844892518.6198015,6979.0,True,True,True,True
metadata_qualt5_POOLEDCONCAT,dev.small,0.15,15.0,SPLADE,nDCG@10,6980,0.3525535290063942,0.3464113160084541,-0.00614221299794,-0.05,-0.0176276764503197,1000000.0,-0.0085094721314713,-0.0037749538644087,1.2707467115341898e-21,9.510999090798146,6979.0,0.0,-828090149.6618456,6979.0,True,True,True,True
metadata_qualt5_POOLEDCONCAT,dev.small,0.15,15.0,TAS-B,R@100,6980,0.8869149952244508,0.8588825214899714,-0.0280324737344794,-0.05,-0.0443457497612225,1000000.0,-0.032376710264101,-0.0236882372048578,1.0154167633419777e-13,7.361242728682167,6979.0,0.0,-451242467.9732259,6979.0,True,True,True,True
metadata_qualt5_POOLEDCONCAT,dev.small,0.15,15.0,TAS-B,RR@10,6980,0.3472977213808159,0.3402058602810752,-0.0070918610997407,-0.05,-0.0173648860690407,1000000.0,-0.0099741314615892,-0.0042095907378922,1.5345991167099073e-12,6.986940495203857,6979.0,0.0,-680124945.2458335,6979.0,True,True,True,True
metadata_qualt5_POOLEDCONCAT,dev.small,0.15,15.0,TAS-B,nDCG@10,6980,0.4106574638556805,0.4014826683774302,-0.0091747954782502,-0.05,-0.020532873192784,1000000.0,-0.0120385246284004,-0.0063110663281,4.317638245484514e-15,7.774926863953924,6979.0,0.0,-684528414.9921328,6979.0,True,True,True,True
metadata_qualt5_POOLEDCONCAT,dev.small,0.3,30.0,BM25,RR@10,6980,0.1842761631873379,0.1996216514303906,0.0153454882430527,-0.05,-0.0092138081593668,1000000.0,0.0100870480369588,0.0206039284491465,3.4931225488748307e-20,9.155506967798152,6979.0,0.0,-372791902.39344215,6979.0,True,True,True,True
metadata_qualt5_POOLEDCONCAT,dev.small,0.3,30.0,BM25,nDCG@10,6980,0.2299347532023317,0.2418798767432002,0.0119451235408684,-0.05,-0.0114967376601165,1000000.0,0.00683595181647,0.0170542952652668,1.5093451743212658e-19,8.994251079654838,6979.0,0.0,-383683313.159428,6979.0,True,True,True,True
metadata_qualt5_POOLEDCONCAT,dev.small,0.3,30.0,SPLADE,RR@10,6980,0.2969339837176513,0.2863926979578842,-0.0105412857597671,-0.05,-0.0148466991858825,1000000.0,-0.0138699547669664,-0.0072126167525678,0.0056247866845573,2.535523646947802,6979.0,0.0,-588915261.4928231,6979.0,True,True,True,True
metadata_qualt5_POOLEDCONCAT,dev.small,0.45,45.0,BM25,RR@10,6980,0.1842761631873379,0.1951003433847273,0.0108241801973893,-0.05,-0.0092138081593668,1000000.0,0.0048547722676062,0.0167935881271724,2.5174348788510728e-11,6.580308859912978,6979.0,0.0,-328391686.4073747,6979.0,True,True,True,True
metadata_qualt5_POOLEDCONCAT,dev.small,0.45,45.0,BM25,nDCG@10,6980,0.2299347532023317,0.2338207403129737,0.003885987110642,-0.05,-0.0114967376601165,1000000.0,-0.0021023935724683,0.0098743677937524,2.442069799166409e-07,5.035554326071491,6979.0,0.0,-327351258.0863178,6979.0,True,True,True,True
metadata_qualt5_POOLEDCONCAT,dev.small,0.6,60.0,BM25,RR@10,6980,0.1842761631873379,0.1850227407104197,0.0007465775230818,-0.05,-0.0092138081593668,1000000.0,-0.0060376412589032,0.0075307963050669,0.0020067244589138,2.878059229117228,6979.0,0.0,-288950580.70291257,6979.0,True,True,True,True
qualt5,dev.small,0.15,15.0,BM25,R@100,6980,0.6777578796561604,0.6546561604584528,-0.0231017191977077,-0.05,-0.033887893982808,1000000.0,-0.0298909505176499,-0.0163124878777655,0.0009254228974238,3.114370409246004,6979.0,0.0,-288737253.3120283,6979.0,True,True,True,True
qualt5,dev.small,0.15,15.0,BM25,RR@10,6980,0.1842761631873379,0.1959738709237276,0.0116977077363896,-0.05,-0.0092138081593668,1000000.0,0.006909267336812,0.0164861481359673,6.81900302340705e-18,8.560809775275395,6979.0,0.0,-409382548.72621286,6979.0,True,True,True,True
qualt5,dev.small,0.15,15.0,BM25,nDCG@10,6980,0.2299347532023317,0.239823368887912,0.0098886156855802,-0.05,-0.0114967376601165,1000000.0,0.0052875436591499,0.0144896877120106,5.229788136947332e-20,9.111309835804027,6979.0,0.0,-426053738.6696557,6979.0,True,True,True,True
qualt5,dev.small,0.15,15.0,SPLADE,RR@10,6980,0.2969339837176513,0.286637217446673,-0.0102967662709783,-0.05,-0.0148466991858825,1000000.0,-0.0131756119100007,-0.0074179206319558,0.0009773547429706,3.0982041487150376,6979.0,0.0,-680934035.4157095,6979.0,True,True,True,True
qualt5,dev.small,0.15,15.0,SPLADE,nDCG@10,6980,0.3525535290063942,0.3392054938644724,-0.0133480351419217,-0.05,-0.0176276764503197,1000000.0,-0.0163472323949191,-0.0103488378889242,0.0025843240110689,2.797214417244662,6979.0,0.0,-653609555.8038917,6979.0,True,True,True,True
qualt5,dev.small,0.15,15.0,TAS-B,RR@10,6980,0.3472977213808159,0.334472642925365,-0.0128250784554509,-0.05,-0.0173648860690407,1000000.0,-0.016209635202084,-0.0094405217088178,0.004285980598975,2.6294145733968204,6979.0,0.0,-579190756.7290199,6979.0,True,True,True,True
qualt5,dev.small,0.15,15.0,TAS-B,nDCG@10,6980,0.4106574638556805,0.3943198996648253,-0.0163375641908552,-0.05,-0.020532873192784,1000000.0,-0.0197856211138963,-0.012889507267814,0.0085496954108423,2.3851348819443423,6979.0,0.0,-568524254.0692611,6979.0,True,True,True,True
qualt5,dev.small,0.3,30.0,BM25,RR@10,6980,0.1842761631873379,0.1943879337790512,0.0101117705917132,-0.05,-0.0092138081593668,1000000.0,0.0043728189394961,0.0158507222439304,2.188764785652984e-11,6.6012071219195,6979.0,0.0,-341578751.1564506,6979.0,True,True,True,True
qualt5,dev.small,0.3,30.0,BM25,nDCG@10,6980,0.2299347532023317,0.2354875031452233,0.0055527499428916,-0.05,-0.0114967376601165,1000000.0,-0.0001002706174114,0.0112057705031947,1.7667181820801351e-09,5.912268967678543,6979.0,0.0,-346771062.7154581,6979.0,True,True,True,True
qualt5,dev.small,0.45,45.0,BM25,RR@10,6980,0.1842761631873379,0.1889589302769818,0.0046827670896438,-0.05,-0.0092138081593668,1000000.0,-0.0017632917620336,0.0111288259413213,1.2041761854942651e-05,4.226072409818218,6979.0,0.0,-304108912.75743175,6979.0,True,True,True,True
qualt5,dev.small,0.45,45.0,BM25,nDCG@10,6980,0.2299347532023317,0.2257576562211014,-0.0041770969812302,-0.05,-0.0114967376601165,1000000.0,-0.0106548515521706,0.0023006575897101,0.0133934984408308,2.215076295002986,6979.0,0.0,-302620907.4230941,6979.0,True,True,True,True
cdd,test-2019_test-2020,0.15,15.0,BM25,RR@10,97,0.7986786123384061,0.8059401080019636,0.0072614956635575,-0.05,-0.0399339306169203,1000000.0,-0.0485831587023937,0.0631061500295087,0.0483440579338818,1.6775496563890568,96.0,0.0,-35544750.33741666,96.0,True,True,False,True
cdd,test-2019_test-2020,0.15,15.0,SPLADE,RR@10,97,0.8618106692848961,0.8489690721649484,-0.0128415971199476,-0.05,-0.0430905334642448,1000000.0,-0.0466784105813837,0.0209952163414884,0.0395746722910933,1.774507051391298,96.0,0.0,-58663453.616389714,96.0,True,True,False,True
cdd,test-2019_test-2020,0.15,15.0,TAS-B,RR@10,97,0.9354933726067748,0.9527491408934708,0.0172557682866961,-0.05,-0.0467746686303387,1000000.0,-0.0010756542618679,0.0355871908352601,2.3751840466227503e-10,6.933417873276105,96.0,0.0,-108283155.44087854,96.0,True,True,True,True
cdd,test-2019_test-2020,0.3,30.0,TAS-B,RR@10,97,0.9354933726067748,0.9411062019309442,0.0056128293241695,-0.05,-0.0467746686303387,1000000.0,-0.028200312094712,0.039425970743051,0.001369174174751,3.075383037377125,96.0,0.0,-58704521.88394443,96.0,True,True,True,True
finetuned_qualt5,test-2019_test-2020,0.15,15.0,BM25,RR@10,97,0.7986786123384061,0.8098469972181311,0.011168384879725,-0.05,-0.0399339306169203,1000000.0,-0.0435926384245178,0.0659294081839679,0.0335232009656619,1.852363020686835,96.0,0.0,-36248122.653474085,96.0,True,True,False,True
finetuned_qualt5,test-2019_test-2020,0.15,15.0,BM25,nDCG@10,97,0.4873823836823968,0.5054054718443594,0.0180230881619626,-0.05,-0.0243691191841198,1000000.0,-0.0069972544354877,0.043043430759413,0.0005540250772222,3.363178029453458,96.0,0.0,-79334815.98120654,96.0,True,True,True,True
finetuned_qualt5,test-2019_test-2020,0.15,15.0,SPLADE,RR@10,97,0.8618106692848961,0.8653330060546556,0.0035223367697594,-0.05,-0.0430905334642448,1000000.0,-0.0119384864349342,0.0189831599744531,1.8671782218720232e-08,5.984533611498781,96.0,0.0,-128388008.72754452,96.0,True,True,True,True
finetuned_qualt5,test-2019_test-2020,0.15,15.0,SPLADE,nDCG@10,97,0.5903063303445052,0.5853861580462856,-0.0049201722982195,-0.05,-0.0295153165172252,1000000.0,-0.0156878546194388,0.0058475100229996,8.352736810633835e-06,4.534028211285567,96.0,0.0,-184346478.85049343,96.0,True,True,True,True
finetuned_qualt5,test-2019_test-2020,0.15,15.0,TAS-B,RR@10,97,0.9354933726067748,0.9396170839469808,0.0041237113402061,-0.05,-0.0467746686303387,1000000.0,-0.006331679236566,0.0145791019169784,3.9356384821734684e-16,9.663195744052905,96.0,0.0,-189852716.5264749,96.0,True,True,True,True
finetuned_qualt5,test-2019_test-2020,0.15,15.0,TAS-B,nDCG@10,97,0.697936757957595,0.6937247182640284,-0.0042120396935667,-0.05,-0.0348968378978797,1000000.0,-0.0155831858327931,0.0071591064456596,2.902629725092315e-07,5.356438330164666,96.0,0.0,-174563258.2316707,96.0,True,True,True,True
finetuned_qualt5,test-2019_test-2020,0.3,30.0,BM25,nDCG@10,97,0.4873823836823968,0.4996544494301745,0.0122720657477778,-0.05,-0.0243691191841198,1000000.0,-0.0182049405802007,0.0427490720757564,0.0094862071516605,2.386460679996441,96.0,0.0,-65130553.368980326,96.0,True,True,True,True
finetuned_qualt5,test-2019_test-2020,0.3,30.0,SPLADE,RR@10,97,0.8618106692848961,0.861896579937817,8.59106529209619e-05,-0.05,-0.0430905334642448,1000000.0,-0.0257476881259774,0.0259195094318193,0.0006417578743237,3.3175619445741225,96.0,0.0,-76837312.8478669,96.0,True,True,True,True
finetuned_qualt5,test-2019_test-2020,0.3,30.0,SPLADE,nDCG@10,97,0.5903063303445052,0.5782938777862628,-0.0120124525582423,-0.05,-0.0295153165172252,1000000.0,-0.0282889149986222,0.0042640098821374,0.0176723436385161,2.134549229766902,96.0,0.0,-121954284.76221292,96.0,True,True,True,True
finetuned_qualt5,test-2019_test-2020,0.3,30.0,TAS-B,RR@10,97,0.9354933726067748,0.9396170839469808,0.0041237113402061,-0.05,-0.0467746686303387,1000000.0,-0.006331679236566,0.0145791019169784,3.9356384821734684e-16,9.663195744052905,96.0,0.0,-189852716.5264749,96.0,True,True,True,True
finetuned_qualt5,test-2019_test-2020,0.3,30.0,TAS-B,nDCG@10,97,0.697936757957595,0.6795804993247984,-0.0183562586327969,-0.05,-0.0348968378978797,1000000.0,-0.034941756270966,-0.0017707609946278,0.0253056631389945,1.9796083940987568,96.0,0.0,-119681928.83159274,96.0,True,True,False,True
finetuned_qualt5,test-2019_test-2020,0.45,45.0,BM25,RR@10,97,0.7986786123384061,0.8228522336769759,0.0241736213385697,-0.05,-0.0399339306169203,1000000.0,-0.0392831373538415,0.0876303800309811,0.0238708585814564,2.005341708345487,96.0,0.0,-31280895.91163028,96.0,True,True,True,True
finetuned_qualt5,test-2019_test-2020,0.45,45.0,SPLADE,RR@10,97,0.8618106692848961,0.8533055146457208,-0.0085051546391752,-0.05,-0.0430905334642448,1000000.0,-0.0407622380137955,0.023751928735445,0.0179381401557933,2.128259197486365,96.0,0.0,-61536385.83379775,96.0,True,True,True,True
finetuned_qualt5,test-2019_test-2020,0.45,45.0,TAS-B,RR@10,97,0.9354933726067748,0.937039764359352,0.0015463917525773,-0.05,-0.0467746686303387,1000000.0,-0.01975398455378,0.0228467680589347,9.422960619770252e-06,4.503044706679844,96.0,0.0,-93190105.18462104,96.0,True,True,True,True
finetuned_qualt5,test-2019_test-2020,0.6,60.0,BM25,RR@10,97,0.7986786123384061,0.8263745704467353,0.0276959581083292,-0.05,-0.0399339306169203,1000000.0,-0.045910450504777,0.1013023667214355,0.0356459024088314,1.8238122283051503,96.0,0.0,-26967546.630192883,96.0,True,True,False,True
itn,test-2019_test-2020,0.15,15.0,SPLADE,RR@10,97,0.8618106692848961,0.8617247586319751,-8.59106529209619e-05,-0.05,-0.0430905334642448,1000000.0,-0.0249054967921896,0.0247336754863476,0.0004321408414515,3.4393603956484893,96.0,0.0,-79976527.43133292,96.0,True,True,True,True
itn,test-2019_test-2020,0.15,15.0,TAS-B,RR@10,97,0.9354933726067748,0.9396170839469808,0.0041237113402061,-0.05,-0.0467746686303387,1000000.0,-0.006331679236566,0.0145791019169784,3.9356384821734684e-16,9.663195744052905,96.0,0.0,-189852716.5264749,96.0,True,True,True,True
itn,test-2019_test-2020,0.15,15.0,TAS-B,nDCG@10,97,0.697936757957595,0.6750917153280939,-0.0228450426295011,-0.05,-0.0348968378978797,1000000.0,-0.0355752424557815,-0.0101148428032208,0.0316251269796488,1.879202593829597,96.0,0.0,-155927195.48519906,96.0,True,True,False,True
itn,test-2019_test-2020,0.3,30.0,SPLADE,RR@10,97,0.8618106692848961,0.8512600229095074,-0.0105506463753886,-0.05,-0.0430905334642448,1000000.0,-0.0369546306641599,0.0158533379133826,0.0081273782441068,2.446265861392688,96.0,0.0,-75177454.68883756,96.0,True,True,True,True
itn,test-2019_test-2020,0.3,30.0,TAS-B,RR@10,97,0.9354933726067748,0.9298969072164948,-0.0055964653902798,-0.05,-0.0467746686303387,1000000.0,-0.0121112539971138,0.0009183232165542,2.9811004798132887e-22,12.54654484457241,96.0,0.0,-304688984.1609991,96.0,True,True,True,True
itn,test-2019_test-2020,0.45,45.0,SPLADE,RR@10,97,0.8618106692848961,0.8571142202585502,-0.0046964490263459,-0.05,-0.0430905334642448,1000000.0,-0.0394733191192629,0.030080421066571,0.0154192184340494,2.191446644312839,96.0,0.0,-57077716.18175833,96.0,True,True,True,True
itn,test-2019_test-2020,0.45,45.0,TAS-B,RR@10,97,0.9354933726067748,0.923981345115366,-0.0115120274914089,-0.05,-0.0467746686303387,1000000.0,-0.0299604042749724,0.0069363492921546,0.0001295983906349,3.7941435317109424,96.0,0.0,-107596693.06790832,96.0,True,True,True,True
metadata_qualt5_ALLMETAPJ_2S,test-2019_test-2020,0.15,15.0,BM25,nDCG@10,97,0.4873823836823968,0.491079722936789,0.0036973392543922,-0.05,-0.0243691191841198,1000000.0,-0.0205131957628471,0.0279078742716316,0.0117738288774932,2.301125507594683,96.0,0.0,-81988452.66238126,96.0,True,True,True,True
metadata_qualt5_ALLMETAPJ_2S,test-2019_test-2020,0.15,15.0,SPLADE,RR@10,97,0.8618106692848961,0.8601783668793979,-0.0016323024054982,-0.05,-0.0430905334642448,1000000.0,-0.0131932304383876,0.009928625627391,9.909550667002558e-11,7.118281335315295,96.0,0.0,-171697662.0842274,96.0,True,True,True,True
metadata_qualt5_ALLMETAPJ_2S,test-2019_test-2020,0.15,15.0,SPLADE,nDCG@10,97,0.5903063303445052,0.5842184323876287,-0.0060878979568764,-0.05,-0.0295153165172252,1000000.0,-0.0160524966914417,0.0038767007776887,4.955930807293489e-06,4.66682698829135,96.0,0.0,-199203638.4495723,96.0,True,True,True,True
metadata_qualt5_ALLMETAPJ_2S,test-2019_test-2020,0.15,15.0,TAS-B,RR@10,97,0.9354933726067748,0.9396170839469808,0.0041237113402061,-0.05,-0.0467746686303387,1000000.0,-0.006331679236566,0.0145791019169784,3.9356384821734684e-16,9.663195744052905,96.0,0.0,-189852716.5264749,96.0,True,True,True,True
metadata_qualt5_ALLMETAPJ_2S,test-2019_test-2020,0.15,15.0,TAS-B,nDCG@10,97,0.697936757957595,0.6948639492092369,-0.0030728087483583,-0.05,-0.0348968378978797,1000000.0,-0.012956814203739,0.0068111967070224,2.958456595442545e-09,6.3911537561036855,96.0,0.0,-200827926.14707577,96.0,True,True,True,True
metadata_qualt5_ALLMETAPJ_2S,test-2019_test-2020,0.3,30.0,BM25,RR@10,97,0.7986786123384061,0.8060382916053019,0.0073596792668957,-0.05,-0.0399339306169203,1000000.0,-0.0484013429507448,0.0631207014845363,0.0477579049985365,1.6835608445023116,96.0,0.0,-35598061.47696838,96.0,True,True,False,True
metadata_qualt5_ALLMETAPJ_2S,test-2019_test-2020,0.3,30.0,BM25,nDCG@10,97,0.4873823836823968,0.4968674983596848,0.009485114677288,-0.05,-0.0243691191841198,1000000.0,-0.0182729419953817,0.0372431713499579,0.0086804289057847,2.420923189481093,96.0,0.0,-71510203.9062265,96.0,True,True,True,True
metadata_qualt5_ALLMETAPJ_2S,test-2019_test-2020,0.3,30.0,SPLADE,RR@10,97,0.8618106692848961,0.8630993290787106,0.0012886597938144,-0.05,-0.0430905334642448,1000000.0,-0.0209731404740431,0.023550460061672,7.269563656357396e-05,3.9570924775046654,96.0,0.0,-89165489.09294815,96.0,True,True,True,True
metadata_qualt5_ALLMETAPJ_2S,test-2019_test-2020,0.3,30.0,SPLADE,nDCG@10,97,0.5903063303445052,0.5753439773598163,-0.0149623529846887,-0.05,-0.0295153165172252,1000000.0,-0.0319311389596176,0.0020064329902401,0.0459596689291222,1.702384857764638,96.0,0.0,-116978571.37003408,96.0,True,True,False,True
metadata_qualt5_ALLMETAPJ_2S,test-2019_test-2020,0.3,30.0,TAS-B,RR@10,97,0.9354933726067748,0.937039764359352,0.0015463917525773,-0.05,-0.0467746686303387,1000000.0,-0.0101309560257151,0.0132237395308698,4.999720972652514e-13,8.213898275337367,96.0,0.0,-169985886.02040473,96.0,True,True,True,True
metadata_qualt5_ALLMETAPJ_2S,test-2019_test-2020,0.3,30.0,TAS-B,nDCG@10,97,0.697936757957595,0.6793590753672865,-0.0185776825903087,-0.05,-0.0348968378978797,1000000.0,-0.0353565096478093,-0.0017988555328081,0.0282414315100793,1.9306037991783127,96.0,0.0,-118302926.7543516,96.0,True,True,False,True
metadata_qualt5_ALLMETAPJ_2S,test-2019_test-2020,0.45,45.0,BM25,RR@10,97,0.7986786123384061,0.8183276059564718,0.0196489936180657,-0.05,-0.0399339306169203,1000000.0,-0.0432093187230292,0.0825073059591607,0.0314633740378929,1.881551785860886,96.0,0.0,-31578707.7094392,96.0,True,True,False,True
metadata_qualt5_ALLMETAPJ_2S,test-2019_test-2020,0.45,45.0,SPLADE,RR@10,97,0.8618106692848961,0.8579446899034529,-0.0038659793814432,-0.05,-0.0430905334642448,1000000.0,-0.0395209908966768,0.0317890321337902,0.0157101648895327,2.183707736229318,96.0,0.0,-55671958.43862915,96.0,True,True,True,True
metadata_qualt5_ALLMETAPJ_2S,test-2019_test-2020,0.45,45.0,TAS-B,RR@10,97,0.9354933726067748,0.9380706921944034,0.0025773195876288,-0.05,-0.0467746686303387,1000000.0,-0.009272458468881,0.0144270976441387,3.8541662345804573e-13,8.267068116243053,96.0,0.0,-167512361.57748917,96.0,True,True,True,True
metadata_qualt5_ALLMETAPJ_2S,test-2019_test-2020,0.6,60.0,BM25,RR@10,97,0.7986786123384061,0.8310137457044672,0.0323351333660612,-0.05,-0.0399339306169203,1000000.0,-0.0250885253504002,0.0897587920825226,0.0070921945874936,2.498150787005261,96.0,0.0,-34567359.372684084,96.0,True,True,True,True
metadata_qualt5_ALLMETAPJ_2S,test-2019_test-2020,0.6,60.0,SPLADE,RR@10,97,0.8618106692848961,0.8613524791359842,-0.0004581901489117,-0.05,-0.0430905334642448,1000000.0,-0.035917622821793,0.0350012425239694,0.0094848421319697,2.386516824039877,96.0,0.0,-55979020.61074434,96.0,True,True,True,True
metadata_qualt5_ALLMETAPJ_2S,test-2019_test-2020,0.6,60.0,TAS-B,RR@10,97,0.9354933726067748,0.9449435444280804,0.0094501718213058,-0.05,-0.0467746686303387,1000000.0,-0.0074004577040422,0.0263008013466539,1.013663741620885e-09,6.6232199839752735,96.0,0.0,-117798821.09369288,96.0,True,True,True,True
metadata_qualt5_ALLMETAPJ_ck1,test-2019_test-2020,0.15,15.0,BM25,RR@10,97,0.7986786123384061,0.8104197349042709,0.0117411225658648,-0.05,-0.0399339306169203,1000000.0,-0.044320837210133,0.0678030823418627,0.035202454280734,1.8296572270253584,96.0,0.0,-35406972.85924912,96.0,True,True,False,True
metadata_qualt5_ALLMETAPJ_ck1,test-2019_test-2020,0.15,15.0,BM25,nDCG@10,97,0.4873823836823968,0.5041178142285919,0.0167354305461952,-0.05,-0.0243691191841198,1000000.0,-0.0087443234694802,0.0422151845618708,0.0009250956757997,3.202224256051509,96.0,0.0,-77904373.68784086,96.0,True,True,True,True
metadata_qualt5_ALLMETAPJ_ck1,test-2019_test-2020,0.15,15.0,SPLADE,RR@10,97,0.8618106692848961,0.8584601538209785,-0.0033505154639175,-0.05,-0.0430905334642448,1000000.0,-0.0153944850119729,0.0086934540841379,1.4258040647179432e-09,6.549610737212967,96.0,0.0,-164811469.36329016,96.0,True,True,True,True
metadata_qualt5_ALLMETAPJ_ck1,test-2019_test-2020,0.15,15.0,SPLADE,nDCG@10,97,0.5903063303445052,0.5875445922458297,-0.0027617380986755,-0.05,-0.0295153165172252,1000000.0,-0.0127775505986993,0.0072540744013483,3.65500351749059e-07,5.302159304400887,96.0,0.0,-198185051.58800665,96.0,True,True,True,True
metadata_qualt5_ALLMETAPJ_ck1,test-2019_test-2020,0.15,15.0,TAS-B,RR@10,97,0.9354933726067748,0.9396170839469808,0.0041237113402061,-0.05,-0.0467746686303387,1000000.0,-0.006331679236566,0.0145791019169784,3.9356384821734684e-16,9.663195744052905,96.0,0.0,-189852716.5264749,96.0,True,True,True,True
metadata_qualt5_ALLMETAPJ_ck1,test-2019_test-2020,0.15,15.0,TAS-B,nDCG@10,97,0.697936757957595,0.6962167301436937,-0.0017200278139015,-0.05,-0.0348968378978797,1000000.0,-0.0116172733367444,0.0081772177089413,8.789056978767854e-10,6.653916725754244,96.0,0.0,-200559267.764338,96.0,True,True,True,True
metadata_qualt5_ALLMETAPJ_ck1,test-2019_test-2020,0.3,30.0,BM25,nDCG@10,97,0.4873823836823968,0.5036508351076414,0.0162684514252447,-0.05,-0.0243691191841198,1000000.0,-0.0156412881145264,0.0481781909650158,0.0065532972088228,2.5279097003529207,96.0,0.0,-62206220.04026027,96.0,True,True,True,True
metadata_qualt5_ALLMETAPJ_ck1,test-2019_test-2020,0.3,30.0,SPLADE,RR@10,97,0.8618106692848961,0.8608492881688757,-0.0009613811160202,-0.05,-0.0430905334642448,1000000.0,-0.0236712083054936,0.0217484460734531,0.00019096917586,3.682357675891456,96.0,0.0,-87406403.26666324,96.0,True,True,True,True
metadata_qualt5_ALLMETAPJ_ck1,test-2019_test-2020,0.3,30.0,SPLADE,nDCG@10,97,0.5903063303445052,0.5769041201700935,-0.0134022101744116,-0.05,-0.0295153165172252,1000000.0,-0.0298264746284139,0.0030220542795906,0.0272056051865625,1.947378732855336,96.0,0.0,-120856817.89241336,96.0,True,True,False,True
metadata_qualt5_ALLMETAPJ_ck1,test-2019_test-2020,0.3,30.0,TAS-B,RR@10,97,0.9354933726067748,0.9421944035346096,0.006701030927835,-0.05,-0.0467746686303387,1000000.0,-0.0049013651916911,0.0183034270473612,5.013942752915165e-15,9.148836462537169,96.0,0.0,-171083996.59695762,96.0,True,True,True,True
metadata_qualt5_ALLMETAPJ_ck1,test-2019_test-2020,0.3,30.0,TAS-B,nDCG@10,97,0.697936757957595,0.6787425887670954,-0.0191941691904998,-0.05,-0.0348968378978797,1000000.0,-0.0357067334855489,-0.0026816048954508,0.0310483312422606,1.8876263235906727,96.0,0.0,-120210544.78051592,96.0,True,True,False,True
metadata_qualt5_ALLMETAPJ_ck1,test-2019_test-2020,0.45,45.0,BM25,RR@10,97,0.7986786123384061,0.815750286368843,0.0170716740304369,-0.05,-0.0399339306169203,1000000.0,-0.0496010968900703,0.0837444449509441,0.0464519258728658,1.697173063787265,96.0,0.0,-29772038.12348933,96.0,True,True,False,True
metadata_qualt5_ALLMETAPJ_ck1,test-2019_test-2020,0.45,45.0,SPLADE,RR@10,97,0.8618106692848961,0.8532768777614138,-0.0085337915234822,-0.05,-0.0430905334642448,1000000.0,-0.0409736993890318,0.0239061163420673,0.0185311084146388,2.1145124978263423,96.0,0.0,-61189579.720676936,96.0,True,True,True,True
metadata_qualt5_ALLMETAPJ_ck1,test-2019_test-2020,0.45,45.0,TAS-B,RR@10,97,0.9354933726067748,0.9378988708885616,0.0024054982817869,-0.05,-0.0467746686303387,1000000.0,-0.0197702923390351,0.024581288902609,1.3905970154473553e-05,4.4021817047363285,96.0,0.0,-89511320.73245367,96.0,True,True,True,True
metadata_qualt5_ALLMETAPJ_ck1,test-2019_test-2020,0.6,60.0,TAS-B,RR@10,97,0.9354933726067748,0.9341924398625432,-0.0013009327442317,-0.05,-0.0467746686303387,1000000.0,-0.0220032741057229,0.0194014086172595,1.6331595253654737e-05,4.360118053532345,96.0,0.0,-95882116.88005722,96.0,True,True,True,True
metadata_qualt5_ATTFUS_2S,test-2019_test-2020,0.15,15.0,BM25,nDCG@10,97,0.4873823836823968,0.4990532820077203,0.0116708983253236,-0.05,-0.0243691191841198,1000000.0,-0.0141983646147308,0.0375401612653781,0.003409327913534,2.765400371449384,96.0,0.0,-76731381.67732757,96.0,True,True,True,True
metadata_qualt5_ATTFUS_2S,test-2019_test-2020,0.15,15.0,SPLADE,RR@10,97,0.8618106692848961,0.8584601538209785,-0.0033505154639175,-0.05,-0.0430905334642448,1000000.0,-0.0153944850119729,0.0086934540841379,1.4258040647179432e-09,6.549610737212967,96.0,0.0,-164811469.36329016,96.0,True,True,True,True
metadata_qualt5_ATTFUS_2S,test-2019_test-2020,0.15,15.0,SPLADE,nDCG@10,97,0.5903063303445052,0.5823923373658754,-0.0079139929786299,-0.05,-0.0295153165172252,1000000.0,-0.0198656690599945,0.0040376831027347,0.0002636816906774,3.587638088625452,96.0,0.0,-166084180.4719936,96.0,True,True,True,True
metadata_qualt5_ATTFUS_2S,test-2019_test-2020,0.15,15.0,TAS-B,RR@10,97,0.9354933726067748,0.9344624447717232,-0.0010309278350515,-0.05,-0.0467746686303387,1000000.0,-0.0030773034139495,0.0010154477438464,4.501967271672907e-66,44.37142857142856,96.0,0.0,-970000000.9999998,96.0,True,True,True,True
metadata_qualt5_ATTFUS_2S,test-2019_test-2020,0.15,15.0,TAS-B,nDCG@10,97,0.697936757957595,0.6942993022735965,-0.0036374556839987,-0.05,-0.0348968378978797,1000000.0,-0.0145407713298056,0.0072658599618082,6.848673323187337e-08,5.690872877423079,96.0,0.0,-182053274.73158732,96.0,True,True,True,True
metadata_qualt5_ATTFUS_2S,test-2019_test-2020,0.3,30.0,BM25,nDCG@10,97,0.4873823836823968,0.4943403132950361,0.0069579296126393,-0.05,-0.0243691191841198,1000000.0,-0.0233651836523751,0.0372810428776539,0.0215105511490703,2.050703034502678,96.0,0.0,-65461098.28405459,96.0,True,True,True,True
metadata_qualt5_ATTFUS_2S,test-2019_test-2020,0.3,30.0,SPLADE,RR@10,97,0.8618106692848961,0.8582719685812469,-0.0035387007036491,-0.05,-0.0430905334642448,1000000.0,-0.0261732282877273,0.019095826880429,0.0003924738184775,3.468584322356571,96.0,0.0,-87697183.48138101,96.0,True,True,True,True
metadata_qualt5_ATTFUS_2S,test-2019_test-2020,0.3,30.0,SPLADE,nDCG@10,97,0.5903063303445052,0.5742716216383704,-0.0160347087061347,-0.05,-0.0295153165172252,1000000.0,-0.0314418964686491,-0.0006275209436203,0.0428173986075701,1.7367734740029006,96.0,0.0,-128834955.08434825,96.0,True,True,False,True
metadata_qualt5_ATTFUS_2S,test-2019_test-2020,0.3,30.0,TAS-B,RR@10,97,0.9354933726067748,0.9421944035346096,0.006701030927835,-0.05,-0.0467746686303387,1000000.0,-0.0049013651916911,0.0183034270473612,5.013942752915165e-15,9.148836462537169,96.0,0.0,-171083996.59695762,96.0,True,True,True,True
metadata_qualt5_ATTFUS_2S,test-2019_test-2020,0.3,30.0,TAS-B,nDCG@10,97,0.697936757957595,0.6783208210862102,-0.0196159368713849,-0.05,-0.0348968378978797,1000000.0,-0.0363219441467301,-0.0029099295960397,0.0362725250350048,1.8156551894009396,96.0,0.0,-118818597.2717604,96.0,True,True,False,True
metadata_qualt5_ATTFUS_2S,test-2019_test-2020,0.45,45.0,SPLADE,RR@10,97,0.8618106692848961,0.8619088528882344,9.818360333824104e-05,-0.05,-0.0430905334642448,1000000.0,-0.0241803178209383,0.0243766850276148,0.0003188870012913,3.5310633187838363,96.0,0.0,-81758930.53066674,96.0,True,True,True,True
metadata_qualt5_ATTFUS_2S,test-2019_test-2020,0.45,45.0,TAS-B,RR@10,97,0.9354933726067748,0.9447717231222386,0.0092783505154639,-0.05,-0.0467746686303387,1000000.0,-0.0070051562285603,0.0255618572594881,3.808842731467232e-10,6.83294853912214,96.0,0.0,-121901524.30416071,96.0,True,True,True,True
metadata_qualt5_ATTFUS_2S,test-2019_test-2020,0.6,60.0,TAS-B,RR@10,97,0.9354933726067748,0.927319587628866,-0.0081737849779086,-0.05,-0.0467746686303387,1000000.0,-0.0368842726952035,0.0205367027393861,0.0044691579082071,2.6687860274540536,96.0,0.0,-69137952.21110511,96.0,True,True,True,True
metadata_qualt5_ATTFUS_ck5,test-2019_test-2020,0.15,15.0,BM25,RR@10,97,0.7986786123384061,0.8105792832596956,0.0119006709212894,-0.05,-0.0399339306169203,1000000.0,-0.0432344365765831,0.0670357784191621,0.0325359947928792,1.866158887089828,96.0,0.0,-36002184.05278276,96.0,True,True,False,True
metadata_qualt5_ATTFUS_ck5,test-2019_test-2020,0.15,15.0,BM25,nDCG@10,97,0.4873823836823968,0.5052698230341964,0.0178874393517996,-0.05,-0.0243691191841198,1000000.0,-0.0057863010425572,0.0415611797461565,0.0003062901757439,3.543107441234186,96.0,0.0,-83847513.86806159,96.0,True,True,True,True
metadata_qualt5_ATTFUS_ck5,test-2019_test-2020,0.15,15.0,SPLADE,RR@10,97,0.8618106692848961,0.8584601538209785,-0.0033505154639175,-0.05,-0.0430905334642448,1000000.0,-0.0153944850119729,0.0086934540841379,1.4258040647179432e-09,6.549610737212967,96.0,0.0,-164811469.36329016,96.0,True,True,True,True
metadata_qualt5_ATTFUS_ck5,test-2019_test-2020,0.15,15.0,SPLADE,nDCG@10,97,0.5903063303445052,0.5869208430594187,-0.0033854872850864,-0.05,-0.0295153165172252,1000000.0,-0.0121207136066451,0.0053497390364721,2.301269073559389e-08,5.937716915332889,96.0,0.0,-227239025.6623557,96.0,True,True,True,True
metadata_qualt5_ATTFUS_ck5,test-2019_test-2020,0.15,15.0,TAS-B,RR@10,97,0.9354933726067748,0.9396170839469808,0.0041237113402061,-0.05,-0.0467746686303387,1000000.0,-0.006331679236566,0.0145791019169784,3.9356384821734684e-16,9.663195744052905,96.0,0.0,-189852716.5264749,96.0,True,True,True,True
metadata_qualt5_ATTFUS_ck5,test-2019_test-2020,0.15,15.0,TAS-B,nDCG@10,97,0.697936757957595,0.6992031870580457,0.0012664291004505,-0.05,-0.0348968378978797,1000000.0,-0.0081471748265764,0.0106800330274775,8.734855990275499e-12,7.625508593929503,96.0,0.0,-210863376.49262765,96.0,True,True,True,True
metadata_qualt5_ATTFUS_ck5,test-2019_test-2020,0.3,30.0,BM25,nDCG@10,97,0.4873823836823968,0.4942402757033147,0.006857892020918,-0.05,-0.0243691191841198,1000000.0,-0.0243979470821087,0.0381137311239447,0.0251037399890447,1.983153520009033,96.0,0.0,-63507631.05016076,96.0,True,True,False,True
metadata_qualt5_ATTFUS_ck5,test-2019_test-2020,0.3,30.0,SPLADE,RR@10,97,0.8618106692848961,0.8608492881688757,-0.0009613811160202,-0.05,-0.0430905334642448,1000000.0,-0.0217972420754581,0.0198744798434175,5.929058461669474e-05,4.013546962716055,96.0,0.0,-95267688.59245156,96.0,True,True,True,True
metadata_qualt5_ATTFUS_ck5,test-2019_test-2020,0.3,30.0,SPLADE,nDCG@10,97,0.5903063303445052,0.5750315026852221,-0.0152748276592831,-0.05,-0.0295153165172252,1000000.0,-0.0320493379386264,0.0014996826200601,0.0476063330888073,1.6851250200941157,96.0,0.0,-118333370.61980788,96.0,True,True,False,True
metadata_qualt5_ATTFUS_ck5,test-2019_test-2020,0.3,30.0,TAS-B,RR@10,97,0.9354933726067748,0.9421944035346096,0.006701030927835,-0.05,-0.0467746686303387,1000000.0,-0.0049013651916911,0.0183034270473612,5.013942752915165e-15,9.148836462537169,96.0,0.0,-171083996.59695762,96.0,True,True,True,True
metadata_qualt5_ATTFUS_ck5,test-2019_test-2020,0.45,45.0,SPLADE,RR@10,97,0.8618106692848961,0.8671207658321062,0.0053100965472099,-0.05,-0.0430905334642448,1000000.0,-0.0197880091626383,0.0304082022570582,0.0001150910586768,3.827957868679152,96.0,0.0,-79089008.70601025,96.0,True,True,True,True
metadata_qualt5_ATTFUS_ck5,test-2019_test-2020,0.45,45.0,TAS-B,RR@10,97,0.9354933726067748,0.9378988708885616,0.0024054982817869,-0.05,-0.0467746686303387,1000000.0,-0.0108013223046108,0.0156123188681847,2.6884587517341425e-11,7.391776023639679,96.0,0.0,-150299937.35210943,96.0,True,True,True,True
metadata_qualt5_ATTFUS_ck5,test-2019_test-2020,0.6,60.0,TAS-B,RR@10,97,0.9354933726067748,0.9286205203730976,-0.0068728522336769,-0.05,-0.0467746686303387,1000000.0,-0.0365740735822976,0.0228283691149437,0.0044949287589215,2.666707830607205,96.0,0.0,-66831740.75148605,96.0,True,True,True,True
metadata_qualt5_CONCAT,test-2019_test-2020,0.15,15.0,BM25,RR@10,97,0.7986786123384061,0.8077605956471936,0.0090819833087874,-0.05,-0.0399339306169203,1000000.0,-0.0456525425366441,0.0638165091542189,0.0393185286217733,1.7775950125638198,96.0,0.0,-36265670.7597861,96.0,True,True,False,True
metadata_qualt5_CONCAT,test-2019_test-2020,0.15,15.0,BM25,nDCG@10,97,0.4873823836823968,0.5011157823513975,0.0137333986690009,-0.05,-0.0243691191841198,1000000.0,-0.0110955777461546,0.0385623750841564,0.0014963533562002,3.0461545777662056,96.0,0.0,-79946279.34234159,96.0,True,True,True,True
metadata_qualt5_CONCAT,test-2019_test-2020,0.15,15.0,SPLADE,RR@10,97,0.8618106692848961,0.8584601538209785,-0.0033505154639175,-0.05,-0.0430905334642448,1000000.0,-0.0153944850119729,0.0086934540841379,1.4258040647179432e-09,6.549610737212967,96.0,0.0,-164811469.36329016,96.0,True,True,True,True
metadata_qualt5_CONCAT,test-2019_test-2020,0.15,15.0,SPLADE,nDCG@10,97,0.5903063303445052,0.5844754073693023,-0.0058309229752028,-0.05,-0.0295153165172252,1000000.0,-0.0156503701470078,0.0039885241966021,3.0586761145937646e-06,4.787759309305313,96.0,0.0,-202148276.6163131,96.0,True,True,True,True
metadata_qualt5_CONCAT,test-2019_test-2020,0.15,15.0,TAS-B,RR@10,97,0.9354933726067748,0.9396170839469808,0.0041237113402061,-0.05,-0.0467746686303387,1000000.0,-0.006331679236566,0.0145791019169784,3.9356384821734684e-16,9.663195744052905,96.0,0.0,-189852716.5264749,96.0,True,True,True,True
metadata_qualt5_CONCAT,test-2019_test-2020,0.15,15.0,TAS-B,nDCG@10,97,0.697936757957595,0.6952674598940813,-0.0026692980635138,-0.05,-0.0348968378978797,1000000.0,-0.0128603023900103,0.0075217062629826,4.980487012774662e-09,6.277218507712051,96.0,0.0,-194778085.9702511,96.0,True,True,True,True
metadata_qualt5_CONCAT,test-2019_test-2020,0.3,30.0,BM25,nDCG@10,97,0.4873823836823968,0.4942041072410183,0.0068217235586216,-0.05,-0.0243691191841198,1000000.0,-0.0235224802498023,0.0371659273670455,0.0220299464969578,2.040367705762147,96.0,0.0,-65415599.978238665,96.0,True,True,True,True
metadata_qualt5_CONCAT,test-2019_test-2020,0.3,30.0,SPLADE,RR@10,97,0.8618106692848961,0.8679103256422844,0.0060996563573883,-0.05,-0.0430905334642448,1000000.0,-0.010484760207508,0.0226840729222846,2.8767165620165825e-08,5.887560451408912,96.0,0.0,-119689727.50146928,96.0,True,True,True,True
metadata_qualt5_CONCAT,test-2019_test-2020,0.3,30.0,SPLADE,nDCG@10,97,0.5903063303445052,0.5744519310216225,-0.0158543993228826,-0.05,-0.0295153165172252,1000000.0,-0.0315954553770226,-0.0001133432687427,0.0440837501089359,1.7226738929477736,96.0,0.0,-126102361.63155644,96.0,True,True,False,True
metadata_qualt5_CONCAT,test-2019_test-2020,0.3,30.0,TAS-B,RR@10,97,0.9354933726067748,0.9396170839469808,0.0041237113402061,-0.05,-0.0467746686303387,1000000.0,-0.006331679236566,0.0145791019169784,3.9356384821734684e-16,9.663195744052905,96.0,0.0,-189852716.5264749,96.0,True,True,True,True
metadata_qualt5_CONCAT,test-2019_test-2020,0.45,45.0,SPLADE,RR@10,97,0.8618106692848961,0.86062019309442,-0.0011904761904761,-0.05,-0.0430905334642448,1000000.0,-0.0255131332777583,0.0231321808968059,0.0004612440356282,3.419484805554827,96.0,0.0,-81610504.4268376,96.0,True,True,True,True
metadata_qualt5_CONCAT,test-2019_test-2020,0.45,45.0,TAS-B,RR@10,97,0.9354933726067748,0.9447717231222386,0.0092783505154639,-0.05,-0.0467746686303387,1000000.0,-0.0070051562285603,0.0255618572594881,3.808842731467232e-10,6.83294853912214,96.0,0.0,-121901524.30416071,96.0,True,True,True,True
metadata_qualt5_CONCAT,test-2019_test-2020,0.6,60.0,BM25,RR@10,97,0.7986786123384061,0.8108247422680411,0.012146129929635,-0.05,-0.0399339306169203,1000000.0,-0.0500637197593852,0.0743559796186554,0.0499111594186076,1.6617642325977784,96.0,0.0,-31907877.88981716,96.0,True,True,False,True
metadata_qualt5_CONCAT,test-2019_test-2020,0.6,60.0,TAS-B,RR@10,97,0.9354933726067748,0.920274914089347,-0.0152184585174275,-0.05,-0.0467746686303387,1000000.0,-0.0479489865948311,0.0175120695599759,0.0293144542539887,1.9137663119083423,96.0,0.0,-60646266.90547681,96.0,True,True,False,True
metadata_qualt5_CONCAT-V2-FA-ck1,test-2019_test-2020,0.15,15.0,BM25,RR@10,97,0.7986786123384061,0.8113770250368187,0.0126984126984126,-0.05,-0.0399339306169203,1000000.0,-0.0413621431955205,0.0667589685923459,0.0281199780899527,1.932543497425908,96.0,0.0,-36717792.732642375,96.0,True,True,False,True
metadata_qualt5_CONCAT-V2-FA-ck1,test-2019_test-2020,0.15,15.0,BM25,nDCG@10,97,0.4873823836823968,0.5038975321939496,0.0165151485115528,-0.05,-0.0243691191841198,1000000.0,-0.0078739729325913,0.040904269955697,0.0006216152361586,3.327492962393272,96.0,0.0,-81388100.97340748,96.0,True,True,True,True
metadata_qualt5_CONCAT-V2-FA-ck1,test-2019_test-2020,0.15,15.0,SPLADE,RR@10,97,0.8618106692848961,0.8533055146457208,-0.0085051546391752,-0.05,-0.0430905334642448,1000000.0,-0.0242636708349609,0.0072533615566104,1.656049263088317e-05,4.356465642017729,96.0,0.0,-125962641.6441712,96.0,True,True,True,True
metadata_qualt5_CONCAT-V2-FA-ck1,test-2019_test-2020,0.15,15.0,SPLADE,nDCG@10,97,0.5903063303445052,0.5805667273280677,-0.0097396030164374,-0.05,-0.0295153165172252,1000000.0,-0.0203602659532581,0.0008810599203831,0.0001821868580754,3.696048098118724,96.0,0.0,-186898345.4867271,96.0,True,True,True,True
metadata_qualt5_CONCAT-V2-FA-ck1,test-2019_test-2020,0.15,15.0,TAS-B,RR@10,97,0.9354933726067748,0.9396170839469808,0.0041237113402061,-0.05,-0.0467746686303387,1000000.0,-0.006331679236566,0.0145791019169784,3.9356384821734684e-16,9.663195744052905,96.0,0.0,-189852716.5264749,96.0,True,True,True,True
metadata_qualt5_CONCAT-V2-FA-ck1,test-2019_test-2020,0.15,15.0,TAS-B,nDCG@10,97,0.697936757957595,0.6953445153513883,-0.0025922426062069,-0.05,-0.0348968378978797,1000000.0,-0.0137296533427485,0.0085451681303346,5.111363971413827e-08,5.757542427158547,96.0,0.0,-178226731.83488598,96.0,True,True,True,True
metadata_qualt5_CONCAT-V2-FA-ck1,test-2019_test-2020,0.3,30.0,BM25,nDCG@10,97,0.4873823836823968,0.4955309606289416,0.0081485769465448,-0.05,-0.0243691191841198,1000000.0,-0.0221757665669482,0.0384729204600379,0.0179254460776834,2.1285577588112186,96.0,0.0,-65458442.47124382,96.0,True,True,True,True
metadata_qualt5_CONCAT-V2-FA-ck1,test-2019_test-2020,0.3,30.0,SPLADE,RR@10,97,0.8618106692848961,0.8627556864670267,0.0009450171821305,-0.05,-0.0430905334642448,1000000.0,-0.0239022347739399,0.0257922691382011,0.000333225572242,3.5178891145477005,96.0,0.0,-79887478.6300145,96.0,True,True,True,True
metadata_qualt5_CONCAT-V2-FA-ck1,test-2019_test-2020,0.3,30.0,SPLADE,nDCG@10,97,0.5903063303445052,0.577639686444579,-0.0126666438999262,-0.05,-0.0295153165172252,1000000.0,-0.0278896897644829,0.0025564019646305,0.0152149930230451,2.1969552685463607,96.0,0.0,-130393375.5659026,96.0,True,True,True,True
metadata_qualt5_CONCAT-V2-FA-ck1,test-2019_test-2020,0.3,30.0,TAS-B,RR@10,97,0.9354933726067748,0.9396170839469808,0.0041237113402061,-0.05,-0.0467746686303387,1000000.0,-0.006331679236566,0.0145791019169784,3.9356384821734684e-16,9.663195744052905,96.0,0.0,-189852716.5264749,96.0,True,True,True,True
metadata_qualt5_CONCAT-V2-FA-ck1,test-2019_test-2020,0.45,45.0,SPLADE,RR@10,97,0.8618106692848961,0.8589469808541973,-0.0028636884306987,-0.05,-0.0430905334642448,1000000.0,-0.0273870926652877,0.0216597158038903,0.0007807744586599,3.2560592130742774,96.0,0.0,-80942445.76434755,96.0,True,True,True,True
metadata_qualt5_CONCAT-V2-FA-ck1,test-2019_test-2020,0.45,45.0,TAS-B,RR@10,97,0.9354933726067748,0.9473490427098674,0.0118556701030927,-0.05,-0.0467746686303387,1000000.0,-0.0035219607581079,0.0272333009642934,1.1518030982456016e-11,7.568155564148052,96.0,0.0,-129082581.44016264,96.0,True,True,True,True
metadata_qualt5_CONCAT_2S,test-2019_test-2020,0.15,15.0,BM25,nDCG@10,97,0.4873823836823968,0.5022814683156025,0.0148990846332057,-0.05,-0.0243691191841198,1000000.0,-0.0098123704385312,0.0396105397049427,0.0010742276192957,3.1542767632709388,96.0,0.0,-80326483.25216745,96.0,True,True,True,True
metadata_qualt5_CONCAT_2S,test-2019_test-2020,0.15,15.0,SPLADE,RR@10,97,0.8618106692848961,0.8584601538209785,-0.0033505154639175,-0.05,-0.0430905334642448,1000000.0,-0.0153944850119729,0.0086934540841379,1.4258040647179432e-09,6.549610737212967,96.0,0.0,-164811469.36329016,96.0,True,True,True,True
metadata_qualt5_CONCAT_2S,test-2019_test-2020,0.15,15.0,SPLADE,nDCG@10,97,0.5903063303445052,0.5840211894858599,-0.0062851408586453,-0.05,-0.0295153165172252,1000000.0,-0.0158494781077249,0.0032791963904342,2.673438042764416e-06,4.821194928151274,96.0,0.0,-207540185.2018489,96.0,True,True,True,True
metadata_qualt5_CONCAT_2S,test-2019_test-2020,0.15,15.0,TAS-B,RR@10,97,0.9354933726067748,0.9396170839469808,0.0041237113402061,-0.05,-0.0467746686303387,1000000.0,-0.006331679236566,0.0145791019169784,3.9356384821734684e-16,9.663195744052905,96.0,0.0,-189852716.5264749,96.0,True,True,True,True
metadata_qualt5_CONCAT_2S,test-2019_test-2020,0.15,15.0,TAS-B,nDCG@10,97,0.697936757957595,0.6958034703618382,-0.002133287595757,-0.05,-0.0348968378978797,1000000.0,-0.0123263764206306,0.0080598012291164,3.1091747647060162e-09,6.380316551452976,96.0,0.0,-194738253.52347925,96.0,True,True,True,True
metadata_qualt5_CONCAT_2S,test-2019_test-2020,0.3,30.0,BM25,nDCG@10,97,0.4873823836823968,0.4969125356238048,0.009530151941408,-0.05,-0.0243691191841198,1000000.0,-0.0200957273886757,0.0391560312714917,0.0126808693910199,2.271308831268337,96.0,0.0,-67001700.45579564,96.0,True,True,True,True
metadata_qualt5_CONCAT_2S,test-2019_test-2020,0.3,30.0,SPLADE,RR@10,97,0.8618106692848961,0.861896579937817,8.59106529209619e-05,-0.05,-0.0430905334642448,1000000.0,-0.0257476881259774,0.0259195094318193,0.0006417578743237,3.3175619445741225,96.0,0.0,-76837312.8478669,96.0,True,True,True,True
metadata_qualt5_CONCAT_2S,test-2019_test-2020,0.3,30.0,SPLADE,nDCG@10,97,0.5903063303445052,0.5772636133170287,-0.0130427170274765,-0.05,-0.0295153165172252,1000000.0,-0.0292142182572541,0.003128784202301,0.0229825644928778,2.0219428668178647,96.0,0.0,-122745829.79133289,96.0,True,True,True,True
metadata_qualt5_CONCAT_2S,test-2019_test-2020,0.3,30.0,TAS-B,RR@10,97,0.9354933726067748,0.9396170839469808,0.0041237113402061,-0.05,-0.0467746686303387,1000000.0,-0.006331679236566,0.0145791019169784,3.9356384821734684e-16,9.663195744052905,96.0,0.0,-189852716.5264749,96.0,True,True,True,True
metadata_qualt5_CONCAT_2S,test-2019_test-2020,0.45,45.0,SPLADE,RR@10,97,0.8618106692848961,0.8508713794796269,-0.0109392898052691,-0.05,-0.0430905334642448,1000000.0,-0.0427566369698248,0.0208780573592864,0.0238451299859032,2.005815064631552,96.0,0.0,-62386858.43226418,96.0,True,True,True,True
metadata_qualt5_CONCAT_2S,test-2019_test-2020,0.45,45.0,TAS-B,RR@10,97,0.9354933726067748,0.9353215513009328,-0.0001718213058419,-0.05,-0.0467746686303387,1000000.0,-0.022153332108627,0.0218096894969432,2.8951159859247016e-05,4.208351356817594,96.0,0.0,-90302451.44117096,96.0,True,True,True,True
metadata_qualt5_CONCAT_2S,test-2019_test-2020,0.6,60.0,TAS-B,RR@10,97,0.9354933726067748,0.9262886597938144,-0.0092047128129602,-0.05,-0.0467746686303387,1000000.0,-0.0389758511279426,0.0205664255020221,0.006965336411474,2.504968808830509,96.0,0.0,-66674787.80289967,96.0,True,True,True,True
metadata_qualt5_MP,test-2019_test-2020,0.15,15.0,BM25,nDCG@10,97,0.4873823836823968,0.5025273691559526,0.0151449854735558,-0.05,-0.0243691191841198,1000000.0,-0.0098291195908946,0.0401190905380064,0.0011205359298366,3.1406481884842194,96.0,0.0,-79481698.1968252,96.0,True,True,True,True
metadata_qualt5_MP,test-2019_test-2020,0.15,15.0,SPLADE,RR@10,97,0.8618106692848961,0.8584601538209785,-0.0033505154639175,-0.05,-0.0430905334642448,1000000.0,-0.0153944850119729,0.0086934540841379,1.4258040647179432e-09,6.549610737212967,96.0,0.0,-164811469.36329016,96.0,True,True,True,True
metadata_qualt5_MP,test-2019_test-2020,0.15,15.0,SPLADE,nDCG@10,97,0.5903063303445052,0.584505580527258,-0.0058007498172472,-0.05,-0.0295153165172252,1000000.0,-0.0155614885815652,0.0039599889470708,2.6573343682164564e-06,4.8226926251008,96.0,0.0,-203364148.03988367,96.0,True,True,True,True
metadata_qualt5_MP,test-2019_test-2020,0.15,15.0,TAS-B,RR@10,97,0.9354933726067748,0.9396170839469808,0.0041237113402061,-0.05,-0.0467746686303387,1000000.0,-0.006331679236566,0.0145791019169784,3.9356384821734684e-16,9.663195744052905,96.0,0.0,-189852716.5264749,96.0,True,True,True,True
metadata_qualt5_MP,test-2019_test-2020,0.15,15.0,TAS-B,nDCG@10,97,0.697936757957595,0.6970557769860797,-0.0008809809715154,-0.05,-0.0348968378978797,1000000.0,-0.0112345058381614,0.0094725438951305,1.6233467179455187e-09,6.52154152443641,96.0,0.0,-191720630.3018985,96.0,True,True,True,True
metadata_qualt5_MP,test-2019_test-2020,0.3,30.0,BM25,nDCG@10,97,0.4873823836823968,0.4944595686700182,0.0070771849876214,-0.05,-0.0243691191841198,1000000.0,-0.0238012711621039,0.0379556411373468,0.0230065352819857,2.0214877367531185,96.0,0.0,-64283793.45968595,96.0,True,True,True,True
metadata_qualt5_MP,test-2019_test-2020,0.3,30.0,SPLADE,RR@10,97,0.8618106692848961,0.857601047291769,-0.0042096219931271,-0.05,-0.0430905334642448,1000000.0,-0.026813015498203,0.0183937715119487,0.0004689145510139,3.414443024710581,96.0,0.0,-87817978.280177,96.0,True,True,True,True
metadata_qualt5_MP,test-2019_test-2020,0.3,30.0,TAS-B,RR@10,97,0.9354933726067748,0.9396170839469808,0.0041237113402061,-0.05,-0.0467746686303387,1000000.0,-0.006331679236566,0.0145791019169784,3.9356384821734684e-16,9.663195744052905,96.0,0.0,-189852716.5264749,96.0,True,True,True,True
metadata_qualt5_MP,test-2019_test-2020,0.45,45.0,SPLADE,RR@10,97,0.8618106692848961,0.8610947471772212,-0.0007159221076746,-0.05,-0.0430905334642448,1000000.0,-0.0254354036974477,0.0240035594820983,0.0004872507638511,3.40269833105299,96.0,0.0,-80300402.16431326,96.0,True,True,True,True
metadata_qualt5_MP,test-2019_test-2020,0.45,45.0,TAS-B,RR@10,97,0.9354933726067748,0.9430535100638194,0.0075601374570446,-0.05,-0.0467746686303387,1000000.0,-0.009116001272297,0.0242362761863864,2.082434192670866e-09,6.467548597671883,96.0,0.0,-119031409.41323976,96.0,True,True,True,True
metadata_qualt5_POOLEDCONCAT,test-2019_test-2020,0.15,15.0,BM25,nDCG@10,97,0.4873823836823968,0.5016682121657143,0.0142858284833175,-0.05,-0.0243691191841198,1000000.0,-0.010344941428707,0.0389165983953421,0.0012120630356776,3.115187424387289,96.0,0.0,-80589615.76368819,96.0,True,True,True,True
metadata_qualt5_POOLEDCONCAT,test-2019_test-2020,0.15,15.0,SPLADE,RR@10,97,0.8618106692848961,0.8601783668793979,-0.0016323024054982,-0.05,-0.0430905334642448,1000000.0,-0.0131932304383876,0.009928625627391,9.909550667002558e-11,7.118281335315295,96.0,0.0,-171697662.0842274,96.0,True,True,True,True
metadata_qualt5_POOLEDCONCAT,test-2019_test-2020,0.15,15.0,SPLADE,nDCG@10,97,0.5903063303445052,0.5828124376829117,-0.0074938926615934,-0.05,-0.0295153165172252,1000000.0,-0.0178098146798185,0.0028220293566316,2.597536247629902e-05,4.237350844042643,96.0,0.0,-192419477.66757244,96.0,True,True,True,True
metadata_qualt5_POOLEDCONCAT,test-2019_test-2020,0.15,15.0,TAS-B,RR@10,97,0.9354933726067748,0.9396170839469808,0.0041237113402061,-0.05,-0.0467746686303387,1000000.0,-0.006331679236566,0.0145791019169784,3.9356384821734684e-16,9.663195744052905,96.0,0.0,-189852716.5264749,96.0,True,True,True,True
metadata_qualt5_POOLEDCONCAT,test-2019_test-2020,0.15,15.0,TAS-B,nDCG@10,97,0.697936757957595,0.6942163911064926,-0.0037203668511024,-0.05,-0.0348968378978797,1000000.0,-0.0148348659980501,0.0073941322958453,1.1700049575494467e-07,5.567934739888718,96.0,0.0,-178594131.20392367,96.0,True,True,True,True
metadata_qualt5_POOLEDCONCAT,test-2019_test-2020,0.3,30.0,BM25,nDCG@10,97,0.4873823836823968,0.4936452393092057,0.0062628556268089,-0.05,-0.0243691191841198,1000000.0,-0.0244138464430159,0.0369395576966338,0.025164162088828,1.9820901638157769,96.0,0.0,-64706574.213265136,96.0,True,True,False,True
metadata_qualt5_POOLEDCONCAT,test-2019_test-2020,0.3,30.0,SPLADE,RR@10,97,0.8618106692848961,0.8558828342333497,-0.0059278350515463,-0.05,-0.0430905334642448,1000000.0,-0.0290044513087172,0.0171487812056244,0.0009414465114423,3.196628678194637,96.0,0.0,-86017130.98560794,96.0,True,True,True,True
metadata_qualt5_POOLEDCONCAT,test-2019_test-2020,0.3,30.0,TAS-B,RR@10,97,0.9354933726067748,0.937039764359352,0.0015463917525773,-0.05,-0.0467746686303387,1000000.0,-0.0101309560257151,0.0132237395308698,4.999720972652514e-13,8.213898275337367,96.0,0.0,-169985886.02040473,96.0,True,True,True,True
metadata_qualt5_POOLEDCONCAT,test-2019_test-2020,0.45,45.0,SPLADE,RR@10,97,0.8618106692848961,0.8624856815578466,0.0006750122729504,-0.05,-0.0430905334642448,1000000.0,-0.0241823008922994,0.0255323254382003,0.0003597104168587,3.4949039381848386,96.0,0.0,-79855143.514308,96.0,True,True,True,True
metadata_qualt5_POOLEDCONCAT,test-2019_test-2020,0.45,45.0,TAS-B,RR@10,97,0.9354933726067748,0.9404761904761906,0.0049828178694158,-0.05,-0.0467746686303387,1000000.0,-0.0109223685517398,0.0208880042905714,2.162160356759158e-09,6.459389785563212,96.0,0.0,-124801071.1147629,96.0,True,True,True,True
metadata_qualt5_POOLEDCONCAT,test-2019_test-2020,0.6,60.0,BM25,RR@10,97,0.7986786123384061,0.8134879725085911,0.0148093601701849,-0.05,-0.0399339306169203,1000000.0,-0.0493860445209396,0.0790047648613094,0.0468763229722539,1.6927157620833253,96.0,0.0,-30920971.55061798,96.0,True,True,False,True
metadata_qualt5_POOLEDCONCAT,test-2019_test-2020,0.6,60.0,TAS-B,RR@10,97,0.9354933726067748,0.9245704467353952,-0.0109229258713794,-0.05,-0.0467746686303387,1000000.0,-0.0387301663071662,0.0168843145644073,0.0060261046713743,2.5592308262992254,96.0,0.0,-71383722.4443983,96.0,True,True,True,True
perplexity,test-2019_test-2020,0.15,15.0,BM25,RR@10,97,0.7986786123384061,0.8104810996563573,0.0118024873179512,-0.05,-0.0399339306169203,1000000.0,-0.0325690612354368,0.0561740358713393,0.0113871619720105,2.3144555753326377,96.0,0.0,-44735519.78279324,96.0,True,True,True,True
perplexity,test-2019_test-2020,0.15,15.0,SPLADE,RR@10,97,0.8618106692848961,0.8700867288496155,0.0082760595647193,-0.05,-0.0430905334642448,1000000.0,-0.0102265664698102,0.0267786855992489,1.4987607986924618e-07,5.510670815537814,96.0,0.0,-107281220.04945631,96.0,True,True,True,True
perplexity,test-2019_test-2020,0.15,15.0,SPLADE,nDCG@10,97,0.5903063303445052,0.5752992462284737,-0.0150070841160314,-0.05,-0.0295153165172252,1000000.0,-0.0289410012614644,-0.0010731669705985,0.0207225747337873,2.0667995513275232,96.0,0.0,-142457021.9990475,96.0,True,True,True,True
perplexity,test-2019_test-2020,0.15,15.0,TAS-B,RR@10,97,0.9354933726067748,0.9336033382425136,-0.0018900343642611,-0.05,-0.0467746686303387,1000000.0,-0.0045401368280733,0.0007600680995509,3.3324773277951874e-55,33.61956605964934,96.0,0.0,-749021723.6458604,96.0,True,True,True,True
perplexity,test-2019_test-2020,0.15,15.0,TAS-B,nDCG@10,97,0.697936757957595,0.6781974951290229,-0.0197392628285722,-0.05,-0.0348968378978797,1000000.0,-0.0336403544217715,-0.0058381712353728,0.0164569096969239,2.1644018753281555,96.0,0.0,-142793415.71162876,96.0,True,True,True,True
perplexity,test-2019_test-2020,0.3,30.0,SPLADE,RR@10,97,0.8618106692848961,0.8686548846342661,0.0068442153493699,-0.05,-0.0430905334642448,1000000.0,-0.0242107414575849,0.0378991721563249,0.0009559187625287,3.1917511143686097,96.0,0.0,-63918436.92729945,96.0,True,True,True,True
perplexity,test-2019_test-2020,0.3,30.0,TAS-B,RR@10,97,0.9354933726067748,0.9344624447717232,-0.0010309278350515,-0.05,-0.0467746686303387,1000000.0,-0.0264984261991653,0.0244365705290622,0.0002842511798371,3.5653524555569795,96.0,0.0,-77941864.77201983,96.0,True,True,True,True
perplexity,test-2019_test-2020,0.45,45.0,TAS-B,RR@10,97,0.9354933726067748,0.9186712485681556,-0.0168221240386188,-0.05,-0.0467746686303387,1000000.0,-0.051148551929691,0.0175043038524532,0.0432376389168249,1.7320570405305913,96.0,0.0,-57826708.65787754,96.0,True,True,False,True
tasb,test-2019_test-2020,0.15,15.0,BM25,RR@10,97,0.7986786123384061,0.8009450171821305,0.0022664048437244,-0.05,-0.0399339306169203,1000000.0,-0.0449649282954066,0.0494977379828555,0.0396545622269959,1.773547309875212,96.0,0.0,-42026853.25830202,96.0,True,True,False,True
tasb,test-2019_test-2020,0.15,15.0,SPLADE,RR@10,97,0.8618106692848961,0.8569137620684012,-0.0048969072164948,-0.05,-0.0430905334642448,1000000.0,-0.017763103269824,0.0079692888368343,2.8145768340967807e-08,5.892475801551764,96.0,0.0,-154279035.77900785,96.0,True,True,True,True
tasb,test-2019_test-2020,0.15,15.0,TAS-B,RR@10,97,0.9354933726067748,0.9221076746849942,-0.0133856979217803,-0.05,-0.0467746686303387,1000000.0,-0.0308377694558239,0.0040663736122631,0.000128023804967,3.797634160814203,96.0,0.0,-113739181.86327223,96.0,True,True,True,True
tasb,test-2019_test-2020,0.3,30.0,BM25,RR@10,97,0.7986786123384061,0.8031786941580756,0.0045000818196694,-0.05,-0.0399339306169203,1000000.0,-0.0476338841165077,0.0566340477558466,0.046962852403352,1.691811010368574,96.0,0.0,-38074684.45865903,96.0,True,True,False,True
