source_file,scorer,qrels_variant,threshold,pruning_percent,pipeline,metric,value,mean_full,equivalent
compare_all_finetuned_qualt5_dev.small_0.15.csv,finetuned_qualt5,dev.small,0.15,15.0,BM25,RR@10,0.1981292923090918,0.1842761631873375,True
compare_all_finetuned_qualt5_dev.small_0.15.csv,finetuned_qualt5,dev.small,0.15,15.0,BM25,nDCG@10,0.242553199380103,0.229934753202334,True
compare_all_finetuned_qualt5_dev.small_0.15.csv,finetuned_qualt5,dev.small,0.15,15.0,BM25,R@100,0.6651146131805158,0.6777578796561604,True
compare_all_finetuned_qualt5_dev.small_0.15.csv,finetuned_qualt5,dev.small,0.15,15.0,SPLADE,RR@10,0.2916111224814648,0.2969339837176502,True
compare_all_finetuned_qualt5_dev.small_0.15.csv,finetuned_qualt5,dev.small,0.15,15.0,SPLADE,nDCG@10,0.3460392397040681,0.3525535290063931,True
compare_all_finetuned_qualt5_dev.small_0.15.csv,finetuned_qualt5,dev.small,0.15,15.0,SPLADE,R@100,0.7932784145176697,0.8166905444126076,True
compare_all_finetuned_qualt5_dev.small_0.15.csv,finetuned_qualt5,dev.small,0.15,15.0,TAS-B,RR@10,0.3400834584072402,0.3472977213808154,True
compare_all_finetuned_qualt5_dev.small_0.15.csv,finetuned_qualt5,dev.small,0.15,15.0,TAS-B,nDCG@10,0.4016031820927455,0.4106574638556753,True
compare_all_finetuned_qualt5_dev.small_0.15.csv,finetuned_qualt5,dev.small,0.15,15.0,TAS-B,R@100,0.8603390639923592,0.8869149952244509,True
compare_all_finetuned_qualt5_dev.small_0.3.csv,finetuned_qualt5,dev.small,0.3,30.0,BM25,RR@10,0.2007211647791874,0.1842761631873375,True
compare_all_finetuned_qualt5_dev.small_0.3.csv,finetuned_qualt5,dev.small,0.3,30.0,BM25,nDCG@10,0.2434862851842873,0.229934753202334,True
compare_all_finetuned_qualt5_dev.small_0.3.csv,finetuned_qualt5,dev.small,0.3,30.0,BM25,R@100,0.6394102196752626,0.6777578796561604,False
compare_all_finetuned_qualt5_dev.small_0.3.csv,finetuned_qualt5,dev.small,0.3,30.0,SPLADE,RR@10,0.2865110633556181,0.2969339837176502,True
compare_all_finetuned_qualt5_dev.small_0.3.csv,finetuned_qualt5,dev.small,0.3,30.0,SPLADE,nDCG@10,0.3376714878794095,0.3525535290063931,False
compare_all_finetuned_qualt5_dev.small_0.3.csv,finetuned_qualt5,dev.small,0.3,30.0,SPLADE,R@100,0.7534264565425024,0.8166905444126076,False
compare_all_finetuned_qualt5_dev.small_0.3.csv,finetuned_qualt5,dev.small,0.3,30.0,TAS-B,RR@10,0.3326043230090497,0.3472977213808154,False
compare_all_finetuned_qualt5_dev.small_0.3.csv,finetuned_qualt5,dev.small,0.3,30.0,TAS-B,nDCG@10,0.3905147210561426,0.4106574638556753,False
compare_all_finetuned_qualt5_dev.small_0.3.csv,finetuned_qualt5,dev.small,0.3,30.0,TAS-B,R@100,0.8148638968481375,0.8869149952244509,False
compare_all_finetuned_qualt5_dev.small_0.45.csv,finetuned_qualt5,dev.small,0.45,45.0,BM25,RR@10,0.1960431732387317,0.1842761631873375,True
compare_all_finetuned_qualt5_dev.small_0.45.csv,finetuned_qualt5,dev.small,0.45,45.0,BM25,nDCG@10,0.2349275573261909,0.229934753202334,True
compare_all_finetuned_qualt5_dev.small_0.45.csv,finetuned_qualt5,dev.small,0.45,45.0,BM25,R@100,0.591893505253104,0.6777578796561604,False
compare_all_finetuned_qualt5_dev.small_0.45.csv,finetuned_qualt5,dev.small,0.45,45.0,SPLADE,RR@10,0.2732224723700359,0.2969339837176502,False
compare_all_finetuned_qualt5_dev.small_0.45.csv,finetuned_qualt5,dev.small,0.45,45.0,SPLADE,nDCG@10,0.3193675608021902,0.3525535290063931,False
compare_all_finetuned_qualt5_dev.small_0.45.csv,finetuned_qualt5,dev.small,0.45,45.0,SPLADE,R@100,0.6890401146131805,0.8166905444126076,False
compare_all_finetuned_qualt5_dev.small_0.45.csv,finetuned_qualt5,dev.small,0.45,45.0,TAS-B,RR@10,0.3154203620321085,0.3472977213808154,False
compare_all_finetuned_qualt5_dev.small_0.45.csv,finetuned_qualt5,dev.small,0.45,45.0,TAS-B,nDCG@10,0.3671228631329101,0.4106574638556753,False
compare_all_finetuned_qualt5_dev.small_0.45.csv,finetuned_qualt5,dev.small,0.45,45.0,TAS-B,R@100,0.7405682903533906,0.8869149952244509,False
compare_all_finetuned_qualt5_dev.small_0.6.csv,finetuned_qualt5,dev.small,0.6,60.0,BM25,RR@10,0.1884257174694139,0.1842761631873375,True
compare_all_finetuned_qualt5_dev.small_0.6.csv,finetuned_qualt5,dev.small,0.6,60.0,BM25,nDCG@10,0.2221454996087394,0.229934753202334,False
compare_all_finetuned_qualt5_dev.small_0.6.csv,finetuned_qualt5,dev.small,0.6,60.0,BM25,R@100,0.5248567335243552,0.6777578796561604,False
compare_all_finetuned_qualt5_dev.small_0.6.csv,finetuned_qualt5,dev.small,0.6,60.0,SPLADE,RR@10,0.2511738186200931,0.2969339837176502,False
compare_all_finetuned_qualt5_dev.small_0.6.csv,finetuned_qualt5,dev.small,0.6,60.0,SPLADE,nDCG@10,0.2909566052883653,0.3525535290063931,False
compare_all_finetuned_qualt5_dev.small_0.6.csv,finetuned_qualt5,dev.small,0.6,60.0,SPLADE,R@100,0.5978032473734478,0.8166905444126076,False
compare_all_finetuned_qualt5_dev.small_0.6.csv,finetuned_qualt5,dev.small,0.6,60.0,TAS-B,RR@10,0.2909970095965785,0.3472977213808154,False
compare_all_finetuned_qualt5_dev.small_0.6.csv,finetuned_qualt5,dev.small,0.6,60.0,TAS-B,nDCG@10,0.3347545705350044,0.4106574638556753,False
compare_all_finetuned_qualt5_dev.small_0.6.csv,finetuned_qualt5,dev.small,0.6,60.0,TAS-B,R@100,0.6365329512893982,0.8869149952244509,False
compare_all_finetuned_qualt5_test-2019_test-2020_0.15.csv,finetuned_qualt5,test-2019_test-2020,0.15,15.0,BM25,RR@10,0.8098469972181314,0.798678612338406,True
compare_all_finetuned_qualt5_test-2019_test-2020_0.15.csv,finetuned_qualt5,test-2019_test-2020,0.15,15.0,BM25,nDCG@10,0.5054054718443595,0.4873823836823968,True
compare_all_finetuned_qualt5_test-2019_test-2020_0.15.csv,finetuned_qualt5,test-2019_test-2020,0.15,15.0,BM25,R@100,0.4655113733661825,0.4769567428702132,False
compare_all_finetuned_qualt5_test-2019_test-2020_0.15.csv,finetuned_qualt5,test-2019_test-2020,0.15,15.0,SPLADE,RR@10,0.8653330060546557,0.8618106692848961,True
compare_all_finetuned_qualt5_test-2019_test-2020_0.15.csv,finetuned_qualt5,test-2019_test-2020,0.15,15.0,SPLADE,nDCG@10,0.5853861580462856,0.5903063303445051,True
compare_all_finetuned_qualt5_test-2019_test-2020_0.15.csv,finetuned_qualt5,test-2019_test-2020,0.15,15.0,SPLADE,R@100,0.4520200962103824,0.4689618970534333,False
compare_all_finetuned_qualt5_test-2019_test-2020_0.15.csv,finetuned_qualt5,test-2019_test-2020,0.15,15.0,TAS-B,RR@10,0.9396170839469808,0.9354933726067746,True
compare_all_finetuned_qualt5_test-2019_test-2020_0.15.csv,finetuned_qualt5,test-2019_test-2020,0.15,15.0,TAS-B,nDCG@10,0.6937247182640282,0.697936757957595,True
compare_all_finetuned_qualt5_test-2019_test-2020_0.15.csv,finetuned_qualt5,test-2019_test-2020,0.15,15.0,TAS-B,R@100,0.5310193453917942,0.553444309695361,False
compare_all_finetuned_qualt5_test-2019_test-2020_0.3.csv,finetuned_qualt5,test-2019_test-2020,0.3,30.0,BM25,RR@10,0.8072164948453608,0.798678612338406,False
compare_all_finetuned_qualt5_test-2019_test-2020_0.3.csv,finetuned_qualt5,test-2019_test-2020,0.3,30.0,BM25,nDCG@10,0.4996544494301745,0.4873823836823968,True
compare_all_finetuned_qualt5_test-2019_test-2020_0.3.csv,finetuned_qualt5,test-2019_test-2020,0.3,30.0,BM25,R@100,0.4412626946380595,0.4769567428702132,False
compare_all_finetuned_qualt5_test-2019_test-2020_0.3.csv,finetuned_qualt5,test-2019_test-2020,0.3,30.0,SPLADE,RR@10,0.8618965799378171,0.8618106692848961,True
compare_all_finetuned_qualt5_test-2019_test-2020_0.3.csv,finetuned_qualt5,test-2019_test-2020,0.3,30.0,SPLADE,nDCG@10,0.5782938777862627,0.5903063303445051,True
compare_all_finetuned_qualt5_test-2019_test-2020_0.3.csv,finetuned_qualt5,test-2019_test-2020,0.3,30.0,SPLADE,R@100,0.4210102864246919,0.4689618970534333,False
compare_all_finetuned_qualt5_test-2019_test-2020_0.3.csv,finetuned_qualt5,test-2019_test-2020,0.3,30.0,TAS-B,RR@10,0.9396170839469808,0.9354933726067746,True
compare_all_finetuned_qualt5_test-2019_test-2020_0.3.csv,finetuned_qualt5,test-2019_test-2020,0.3,30.0,TAS-B,nDCG@10,0.6795804993247979,0.697936757957595,True
compare_all_finetuned_qualt5_test-2019_test-2020_0.3.csv,finetuned_qualt5,test-2019_test-2020,0.3,30.0,TAS-B,R@100,0.4922945227505915,0.553444309695361,False
compare_all_finetuned_qualt5_test-2019_test-2020_0.45.csv,finetuned_qualt5,test-2019_test-2020,0.45,45.0,BM25,RR@10,0.8228522336769759,0.798678612338406,True
compare_all_finetuned_qualt5_test-2019_test-2020_0.45.csv,finetuned_qualt5,test-2019_test-2020,0.45,45.0,BM25,nDCG@10,0.4894735090426124,0.4873823836823968,False
compare_all_finetuned_qualt5_test-2019_test-2020_0.45.csv,finetuned_qualt5,test-2019_test-2020,0.45,45.0,BM25,R@100,0.4007008853882154,0.4769567428702132,False
compare_all_finetuned_qualt5_test-2019_test-2020_0.45.csv,finetuned_qualt5,test-2019_test-2020,0.45,45.0,SPLADE,RR@10,0.8533055146457209,0.8618106692848961,True
compare_all_finetuned_qualt5_test-2019_test-2020_0.45.csv,finetuned_qualt5,test-2019_test-2020,0.45,45.0,SPLADE,nDCG@10,0.5662914699082666,0.5903063303445051,False
compare_all_finetuned_qualt5_test-2019_test-2020_0.45.csv,finetuned_qualt5,test-2019_test-2020,0.45,45.0,SPLADE,R@100,0.3829541555486036,0.4689618970534333,False
compare_all_finetuned_qualt5_test-2019_test-2020_0.45.csv,finetuned_qualt5,test-2019_test-2020,0.45,45.0,TAS-B,RR@10,0.937039764359352,0.9354933726067746,True
compare_all_finetuned_qualt5_test-2019_test-2020_0.45.csv,finetuned_qualt5,test-2019_test-2020,0.45,45.0,TAS-B,nDCG@10,0.6614008480746695,0.697936757957595,False
compare_all_finetuned_qualt5_test-2019_test-2020_0.45.csv,finetuned_qualt5,test-2019_test-2020,0.45,45.0,TAS-B,R@100,0.4382103987077241,0.553444309695361,False
compare_all_finetuned_qualt5_test-2019_test-2020_0.6.csv,finetuned_qualt5,test-2019_test-2020,0.6,60.0,BM25,RR@10,0.8263745704467353,0.798678612338406,True
compare_all_finetuned_qualt5_test-2019_test-2020_0.6.csv,finetuned_qualt5,test-2019_test-2020,0.6,60.0,BM25,nDCG@10,0.4698592256263194,0.4873823836823968,False
compare_all_finetuned_qualt5_test-2019_test-2020_0.6.csv,finetuned_qualt5,test-2019_test-2020,0.6,60.0,BM25,R@100,0.3354455449212889,0.4769567428702132,False
compare_all_finetuned_qualt5_test-2019_test-2020_0.6.csv,finetuned_qualt5,test-2019_test-2020,0.6,60.0,SPLADE,RR@10,0.827348224513173,0.8618106692848961,False
compare_all_finetuned_qualt5_test-2019_test-2020_0.6.csv,finetuned_qualt5,test-2019_test-2020,0.6,60.0,SPLADE,nDCG@10,0.5212256099225002,0.5903063303445051,False
compare_all_finetuned_qualt5_test-2019_test-2020_0.6.csv,finetuned_qualt5,test-2019_test-2020,0.6,60.0,SPLADE,R@100,0.3135840677495256,0.4689618970534333,False
compare_all_finetuned_qualt5_test-2019_test-2020_0.6.csv,finetuned_qualt5,test-2019_test-2020,0.6,60.0,TAS-B,RR@10,0.8968335787923416,0.9354933726067746,False
compare_all_finetuned_qualt5_test-2019_test-2020_0.6.csv,finetuned_qualt5,test-2019_test-2020,0.6,60.0,TAS-B,nDCG@10,0.602788613110302,0.697936757957595,False
compare_all_finetuned_qualt5_test-2019_test-2020_0.6.csv,finetuned_qualt5,test-2019_test-2020,0.6,60.0,TAS-B,R@100,0.3568177898464305,0.553444309695361,False
compare_all_metadata_qualt5_ATTFUS_2S_dev.small_0.15.csv,metadata_qualt5_attfus_2s,dev.small,0.15,15.0,BM25,RR@10,0.1975857324782828,0.1842761631873375,True
compare_all_metadata_qualt5_ATTFUS_2S_dev.small_0.15.csv,metadata_qualt5_attfus_2s,dev.small,0.15,15.0,BM25,nDCG@10,0.2415346907380025,0.229934753202334,True
compare_all_metadata_qualt5_ATTFUS_2S_dev.small_0.15.csv,metadata_qualt5_attfus_2s,dev.small,0.15,15.0,BM25,R@100,0.6610792741165233,0.6777578796561604,True
compare_all_metadata_qualt5_ATTFUS_2S_dev.small_0.15.csv,metadata_qualt5_attfus_2s,dev.small,0.15,15.0,SPLADE,RR@10,0.2916317596761708,0.2969339837176502,True
compare_all_metadata_qualt5_ATTFUS_2S_dev.small_0.15.csv,metadata_qualt5_attfus_2s,dev.small,0.15,15.0,SPLADE,nDCG@10,0.3457355097048162,0.3525535290063931,True
compare_all_metadata_qualt5_ATTFUS_2S_dev.small_0.15.csv,metadata_qualt5_attfus_2s,dev.small,0.15,15.0,SPLADE,R@100,0.7924665711556831,0.8166905444126076,True
compare_all_metadata_qualt5_ATTFUS_2S_dev.small_0.15.csv,metadata_qualt5_attfus_2s,dev.small,0.15,15.0,TAS-B,RR@10,0.3408383362896254,0.3472977213808154,True
compare_all_metadata_qualt5_ATTFUS_2S_dev.small_0.15.csv,metadata_qualt5_attfus_2s,dev.small,0.15,15.0,TAS-B,nDCG@10,0.4017949355905385,0.4106574638556753,True
compare_all_metadata_qualt5_ATTFUS_2S_dev.small_0.15.csv,metadata_qualt5_attfus_2s,dev.small,0.15,15.0,TAS-B,R@100,0.8583333333333335,0.8869149952244509,True
compare_all_metadata_qualt5_ATTFUS_2S_dev.small_0.3.csv,metadata_qualt5_attfus_2s,dev.small,0.3,30.0,BM25,RR@10,0.1985633556192293,0.1842761631873375,True
compare_all_metadata_qualt5_ATTFUS_2S_dev.small_0.3.csv,metadata_qualt5_attfus_2s,dev.small,0.3,30.0,BM25,nDCG@10,0.2405188414064538,0.229934753202334,True
compare_all_metadata_qualt5_ATTFUS_2S_dev.small_0.3.csv,metadata_qualt5_attfus_2s,dev.small,0.3,30.0,BM25,R@100,0.6360315186246418,0.6777578796561604,False
compare_all_metadata_qualt5_ATTFUS_2S_dev.small_0.3.csv,metadata_qualt5_attfus_2s,dev.small,0.3,30.0,SPLADE,RR@10,0.2856532837585836,0.2969339837176502,True
compare_all_metadata_qualt5_ATTFUS_2S_dev.small_0.3.csv,metadata_qualt5_attfus_2s,dev.small,0.3,30.0,SPLADE,nDCG@10,0.3361014804710598,0.3525535290063931,False
compare_all_metadata_qualt5_ATTFUS_2S_dev.small_0.3.csv,metadata_qualt5_attfus_2s,dev.small,0.3,30.0,SPLADE,R@100,0.7501790830945558,0.8166905444126076,False
compare_all_metadata_qualt5_ATTFUS_2S_dev.small_0.3.csv,metadata_qualt5_attfus_2s,dev.small,0.3,30.0,TAS-B,RR@10,0.3321972642925359,0.3472977213808154,False
compare_all_metadata_qualt5_ATTFUS_2S_dev.small_0.3.csv,metadata_qualt5_attfus_2s,dev.small,0.3,30.0,TAS-B,nDCG@10,0.3886899468847072,0.4106574638556753,False
compare_all_metadata_qualt5_ATTFUS_2S_dev.small_0.3.csv,metadata_qualt5_attfus_2s,dev.small,0.3,30.0,TAS-B,R@100,0.8105897803247374,0.8869149952244509,False
compare_all_metadata_qualt5_ATTFUS_2S_dev.small_0.45.csv,metadata_qualt5_attfus_2s,dev.small,0.45,45.0,BM25,RR@10,0.1922868626915903,0.1842761631873375,True
compare_all_metadata_qualt5_ATTFUS_2S_dev.small_0.45.csv,metadata_qualt5_attfus_2s,dev.small,0.45,45.0,BM25,nDCG@10,0.2303807887649098,0.229934753202334,True
compare_all_metadata_qualt5_ATTFUS_2S_dev.small_0.45.csv,metadata_qualt5_attfus_2s,dev.small,0.45,45.0,BM25,R@100,0.5829512893982808,0.6777578796561604,False
compare_all_metadata_qualt5_ATTFUS_2S_dev.small_0.45.csv,metadata_qualt5_attfus_2s,dev.small,0.45,45.0,SPLADE,RR@10,0.2693810547141482,0.2969339837176502,False
compare_all_metadata_qualt5_ATTFUS_2S_dev.small_0.45.csv,metadata_qualt5_attfus_2s,dev.small,0.45,45.0,SPLADE,nDCG@10,0.3151130124800244,0.3525535290063931,False
compare_all_metadata_qualt5_ATTFUS_2S_dev.small_0.45.csv,metadata_qualt5_attfus_2s,dev.small,0.45,45.0,SPLADE,R@100,0.6787129894937917,0.8166905444126076,False
compare_all_metadata_qualt5_ATTFUS_2S_dev.small_0.45.csv,metadata_qualt5_attfus_2s,dev.small,0.45,45.0,TAS-B,RR@10,0.3113587005958054,0.3472977213808154,False
compare_all_metadata_qualt5_ATTFUS_2S_dev.small_0.45.csv,metadata_qualt5_attfus_2s,dev.small,0.45,45.0,TAS-B,nDCG@10,0.3627760426729945,0.4106574638556753,False
compare_all_metadata_qualt5_ATTFUS_2S_dev.small_0.45.csv,metadata_qualt5_attfus_2s,dev.small,0.45,45.0,TAS-B,R@100,0.7284383954154726,0.8869149952244509,False
compare_all_metadata_qualt5_ATTFUS_2S_dev.small_0.6.csv,metadata_qualt5_attfus_2s,dev.small,0.6,60.0,BM25,RR@10,0.1813802474189293,0.1842761631873375,True
compare_all_metadata_qualt5_ATTFUS_2S_dev.small_0.6.csv,metadata_qualt5_attfus_2s,dev.small,0.6,60.0,BM25,nDCG@10,0.2147642822263219,0.229934753202334,False
compare_all_metadata_qualt5_ATTFUS_2S_dev.small_0.6.csv,metadata_qualt5_attfus_2s,dev.small,0.6,60.0,BM25,R@100,0.511341929321872,0.6777578796561604,False
compare_all_metadata_qualt5_ATTFUS_2S_dev.small_0.6.csv,metadata_qualt5_attfus_2s,dev.small,0.6,60.0,SPLADE,RR@10,0.2474458771092005,0.2969339837176502,False
compare_all_metadata_qualt5_ATTFUS_2S_dev.small_0.6.csv,metadata_qualt5_attfus_2s,dev.small,0.6,60.0,SPLADE,nDCG@10,0.2859376275157886,0.3525535290063931,False
compare_all_metadata_qualt5_ATTFUS_2S_dev.small_0.6.csv,metadata_qualt5_attfus_2s,dev.small,0.6,60.0,SPLADE,R@100,0.5881208213944604,0.8166905444126076,False
compare_all_metadata_qualt5_ATTFUS_2S_dev.small_0.6.csv,metadata_qualt5_attfus_2s,dev.small,0.6,60.0,TAS-B,RR@10,0.2865184540865043,0.3472977213808154,False
compare_all_metadata_qualt5_ATTFUS_2S_dev.small_0.6.csv,metadata_qualt5_attfus_2s,dev.small,0.6,60.0,TAS-B,nDCG@10,0.3294287088534109,0.4106574638556753,False
compare_all_metadata_qualt5_ATTFUS_2S_dev.small_0.6.csv,metadata_qualt5_attfus_2s,dev.small,0.6,60.0,TAS-B,R@100,0.6238180515759313,0.8869149952244509,False
compare_all_metadata_qualt5_ATTFUS_2S_test-2019_test-2020_0.15.csv,metadata_qualt5_attfus_2s,test-2019_test-2020,0.15,15.0,BM25,RR@10,0.8021600392734414,0.798678612338406,False
compare_all_metadata_qualt5_ATTFUS_2S_test-2019_test-2020_0.15.csv,metadata_qualt5_attfus_2s,test-2019_test-2020,0.15,15.0,BM25,nDCG@10,0.4990532820077201,0.4873823836823968,True
compare_all_metadata_qualt5_ATTFUS_2S_test-2019_test-2020_0.15.csv,metadata_qualt5_attfus_2s,test-2019_test-2020,0.15,15.0,BM25,R@100,0.4630087710020024,0.4769567428702132,False
compare_all_metadata_qualt5_ATTFUS_2S_test-2019_test-2020_0.15.csv,metadata_qualt5_attfus_2s,test-2019_test-2020,0.15,15.0,SPLADE,RR@10,0.8584601538209787,0.8618106692848961,True
compare_all_metadata_qualt5_ATTFUS_2S_test-2019_test-2020_0.15.csv,metadata_qualt5_attfus_2s,test-2019_test-2020,0.15,15.0,SPLADE,nDCG@10,0.5823923373658753,0.5903063303445051,True
compare_all_metadata_qualt5_ATTFUS_2S_test-2019_test-2020_0.15.csv,metadata_qualt5_attfus_2s,test-2019_test-2020,0.15,15.0,SPLADE,R@100,0.4492077381983429,0.4689618970534333,False
compare_all_metadata_qualt5_ATTFUS_2S_test-2019_test-2020_0.15.csv,metadata_qualt5_attfus_2s,test-2019_test-2020,0.15,15.0,TAS-B,RR@10,0.9344624447717232,0.9354933726067746,True
compare_all_metadata_qualt5_ATTFUS_2S_test-2019_test-2020_0.15.csv,metadata_qualt5_attfus_2s,test-2019_test-2020,0.15,15.0,TAS-B,nDCG@10,0.6942993022735962,0.697936757957595,True
compare_all_metadata_qualt5_ATTFUS_2S_test-2019_test-2020_0.15.csv,metadata_qualt5_attfus_2s,test-2019_test-2020,0.15,15.0,TAS-B,R@100,0.5284232409889753,0.553444309695361,False
compare_all_metadata_qualt5_ATTFUS_2S_test-2019_test-2020_0.3.csv,metadata_qualt5_attfus_2s,test-2019_test-2020,0.3,30.0,BM25,RR@10,0.7990672557682866,0.798678612338406,False
compare_all_metadata_qualt5_ATTFUS_2S_test-2019_test-2020_0.3.csv,metadata_qualt5_attfus_2s,test-2019_test-2020,0.3,30.0,BM25,nDCG@10,0.4943403132950359,0.4873823836823968,True
compare_all_metadata_qualt5_ATTFUS_2S_test-2019_test-2020_0.3.csv,metadata_qualt5_attfus_2s,test-2019_test-2020,0.3,30.0,BM25,R@100,0.4359065740488561,0.4769567428702132,False
compare_all_metadata_qualt5_ATTFUS_2S_test-2019_test-2020_0.3.csv,metadata_qualt5_attfus_2s,test-2019_test-2020,0.3,30.0,SPLADE,RR@10,0.858271968581247,0.8618106692848961,True
compare_all_metadata_qualt5_ATTFUS_2S_test-2019_test-2020_0.3.csv,metadata_qualt5_attfus_2s,test-2019_test-2020,0.3,30.0,SPLADE,nDCG@10,0.5742716216383702,0.5903063303445051,True
compare_all_metadata_qualt5_ATTFUS_2S_test-2019_test-2020_0.3.csv,metadata_qualt5_attfus_2s,test-2019_test-2020,0.3,30.0,SPLADE,R@100,0.4185516160460632,0.4689618970534333,False
compare_all_metadata_qualt5_ATTFUS_2S_test-2019_test-2020_0.3.csv,metadata_qualt5_attfus_2s,test-2019_test-2020,0.3,30.0,TAS-B,RR@10,0.9421944035346096,0.9354933726067746,True
compare_all_metadata_qualt5_ATTFUS_2S_test-2019_test-2020_0.3.csv,metadata_qualt5_attfus_2s,test-2019_test-2020,0.3,30.0,TAS-B,nDCG@10,0.6783208210862102,0.697936757957595,True
compare_all_metadata_qualt5_ATTFUS_2S_test-2019_test-2020_0.3.csv,metadata_qualt5_attfus_2s,test-2019_test-2020,0.3,30.0,TAS-B,R@100,0.4880318229739627,0.553444309695361,False
compare_all_metadata_qualt5_ATTFUS_2S_test-2019_test-2020_0.45.csv,metadata_qualt5_attfus_2s,test-2019_test-2020,0.45,45.0,BM25,RR@10,0.7904189167075764,0.798678612338406,False
compare_all_metadata_qualt5_ATTFUS_2S_test-2019_test-2020_0.45.csv,metadata_qualt5_attfus_2s,test-2019_test-2020,0.45,45.0,BM25,nDCG@10,0.4759507544656138,0.4873823836823968,False
compare_all_metadata_qualt5_ATTFUS_2S_test-2019_test-2020_0.45.csv,metadata_qualt5_attfus_2s,test-2019_test-2020,0.45,45.0,BM25,R@100,0.3927206887602226,0.4769567428702132,False
compare_all_metadata_qualt5_ATTFUS_2S_test-2019_test-2020_0.45.csv,metadata_qualt5_attfus_2s,test-2019_test-2020,0.45,45.0,SPLADE,RR@10,0.8619088528882344,0.8618106692848961,True
compare_all_metadata_qualt5_ATTFUS_2S_test-2019_test-2020_0.45.csv,metadata_qualt5_attfus_2s,test-2019_test-2020,0.45,45.0,SPLADE,nDCG@10,0.5676542870518082,0.5903063303445051,False
compare_all_metadata_qualt5_ATTFUS_2S_test-2019_test-2020_0.45.csv,metadata_qualt5_attfus_2s,test-2019_test-2020,0.45,45.0,SPLADE,R@100,0.3753190602618803,0.4689618970534333,False
compare_all_metadata_qualt5_ATTFUS_2S_test-2019_test-2020_0.45.csv,metadata_qualt5_attfus_2s,test-2019_test-2020,0.45,45.0,TAS-B,RR@10,0.9447717231222386,0.9354933726067746,True
compare_all_metadata_qualt5_ATTFUS_2S_test-2019_test-2020_0.45.csv,metadata_qualt5_attfus_2s,test-2019_test-2020,0.45,45.0,TAS-B,nDCG@10,0.6618523550291808,0.697936757957595,False
compare_all_metadata_qualt5_ATTFUS_2S_test-2019_test-2020_0.45.csv,metadata_qualt5_attfus_2s,test-2019_test-2020,0.45,45.0,TAS-B,R@100,0.4298966910433429,0.553444309695361,False
compare_all_metadata_qualt5_ATTFUS_2S_test-2019_test-2020_0.6.csv,metadata_qualt5_attfus_2s,test-2019_test-2020,0.6,60.0,BM25,RR@10,0.7896743577155947,0.798678612338406,False
compare_all_metadata_qualt5_ATTFUS_2S_test-2019_test-2020_0.6.csv,metadata_qualt5_attfus_2s,test-2019_test-2020,0.6,60.0,BM25,nDCG@10,0.4612351574754689,0.4873823836823968,False
compare_all_metadata_qualt5_ATTFUS_2S_test-2019_test-2020_0.6.csv,metadata_qualt5_attfus_2s,test-2019_test-2020,0.6,60.0,BM25,R@100,0.3346747357733505,0.4769567428702132,False
compare_all_metadata_qualt5_ATTFUS_2S_test-2019_test-2020_0.6.csv,metadata_qualt5_attfus_2s,test-2019_test-2020,0.6,60.0,SPLADE,RR@10,0.8244845360824742,0.8618106692848961,False
compare_all_metadata_qualt5_ATTFUS_2S_test-2019_test-2020_0.6.csv,metadata_qualt5_attfus_2s,test-2019_test-2020,0.6,60.0,SPLADE,nDCG@10,0.5368303149435932,0.5903063303445051,False
compare_all_metadata_qualt5_ATTFUS_2S_test-2019_test-2020_0.6.csv,metadata_qualt5_attfus_2s,test-2019_test-2020,0.6,60.0,SPLADE,R@100,0.3148258122827185,0.4689618970534333,False
compare_all_metadata_qualt5_ATTFUS_2S_test-2019_test-2020_0.6.csv,metadata_qualt5_attfus_2s,test-2019_test-2020,0.6,60.0,TAS-B,RR@10,0.927319587628866,0.9354933726067746,True
compare_all_metadata_qualt5_ATTFUS_2S_test-2019_test-2020_0.6.csv,metadata_qualt5_attfus_2s,test-2019_test-2020,0.6,60.0,TAS-B,nDCG@10,0.6270135700118019,0.697936757957595,False
compare_all_metadata_qualt5_ATTFUS_2S_test-2019_test-2020_0.6.csv,metadata_qualt5_attfus_2s,test-2019_test-2020,0.6,60.0,TAS-B,R@100,0.3585607280635631,0.553444309695361,False
compare_all_metadata_qualt5_ATTFUS_ck5_dev.small_0.15.csv,metadata_qualt5_attfus,dev.small,0.15,15.0,BM25,RR@10,0.198438509119025,0.1842761631873375,True
compare_all_metadata_qualt5_ATTFUS_ck5_dev.small_0.15.csv,metadata_qualt5_attfus,dev.small,0.15,15.0,BM25,nDCG@10,0.2425993738808428,0.229934753202334,True
compare_all_metadata_qualt5_ATTFUS_ck5_dev.small_0.15.csv,metadata_qualt5_attfus,dev.small,0.15,15.0,BM25,R@100,0.6637774594078318,0.6777578796561604,True
compare_all_metadata_qualt5_ATTFUS_ck5_dev.small_0.15.csv,metadata_qualt5_attfus,dev.small,0.15,15.0,SPLADE,RR@10,0.292278846591166,0.2969339837176502,True
compare_all_metadata_qualt5_ATTFUS_ck5_dev.small_0.15.csv,metadata_qualt5_attfus,dev.small,0.15,15.0,SPLADE,nDCG@10,0.3468353852233942,0.3525535290063931,True
compare_all_metadata_qualt5_ATTFUS_ck5_dev.small_0.15.csv,metadata_qualt5_attfus,dev.small,0.15,15.0,SPLADE,R@100,0.7948304680038206,0.8166905444126076,True
compare_all_metadata_qualt5_ATTFUS_ck5_dev.small_0.15.csv,metadata_qualt5_attfus,dev.small,0.15,15.0,TAS-B,RR@10,0.3410831400372943,0.3472977213808154,True
compare_all_metadata_qualt5_ATTFUS_ck5_dev.small_0.15.csv,metadata_qualt5_attfus,dev.small,0.15,15.0,TAS-B,nDCG@10,0.4026364269469726,0.4106574638556753,True
compare_all_metadata_qualt5_ATTFUS_ck5_dev.small_0.15.csv,metadata_qualt5_attfus,dev.small,0.15,15.0,TAS-B,R@100,0.8606017191977078,0.8869149952244509,True
compare_all_metadata_qualt5_ATTFUS_ck5_dev.small_0.3.csv,metadata_qualt5_attfus,dev.small,0.3,30.0,BM25,RR@10,0.197305851184791,0.1842761631873375,True
compare_all_metadata_qualt5_ATTFUS_ck5_dev.small_0.3.csv,metadata_qualt5_attfus,dev.small,0.3,30.0,BM25,nDCG@10,0.23879823232435,0.229934753202334,True
compare_all_metadata_qualt5_ATTFUS_ck5_dev.small_0.3.csv,metadata_qualt5_attfus,dev.small,0.3,30.0,BM25,R@100,0.6334049665711556,0.6777578796561604,False
compare_all_metadata_qualt5_ATTFUS_ck5_dev.small_0.3.csv,metadata_qualt5_attfus,dev.small,0.3,30.0,SPLADE,RR@10,0.285479260472096,0.2969339837176502,True
compare_all_metadata_qualt5_ATTFUS_ck5_dev.small_0.3.csv,metadata_qualt5_attfus,dev.small,0.3,30.0,SPLADE,nDCG@10,0.3360788431982512,0.3525535290063931,False
compare_all_metadata_qualt5_ATTFUS_ck5_dev.small_0.3.csv,metadata_qualt5_attfus,dev.small,0.3,30.0,SPLADE,R@100,0.7504178605539638,0.8166905444126076,False
compare_all_metadata_qualt5_ATTFUS_ck5_dev.small_0.3.csv,metadata_qualt5_attfus,dev.small,0.3,30.0,TAS-B,RR@10,0.3311882589712094,0.3472977213808154,False
compare_all_metadata_qualt5_ATTFUS_ck5_dev.small_0.3.csv,metadata_qualt5_attfus,dev.small,0.3,30.0,TAS-B,nDCG@10,0.3881795518081235,0.4106574638556753,False
compare_all_metadata_qualt5_ATTFUS_ck5_dev.small_0.3.csv,metadata_qualt5_attfus,dev.small,0.3,30.0,TAS-B,R@100,0.8103748806112702,0.8869149952244509,False
compare_all_metadata_qualt5_ATTFUS_ck5_dev.small_0.45.csv,metadata_qualt5_attfus,dev.small,0.45,45.0,BM25,RR@10,0.1905703938691042,0.1842761631873375,True
compare_all_metadata_qualt5_ATTFUS_ck5_dev.small_0.45.csv,metadata_qualt5_attfus,dev.small,0.45,45.0,BM25,nDCG@10,0.2284786998505804,0.229934753202334,True
compare_all_metadata_qualt5_ATTFUS_ck5_dev.small_0.45.csv,metadata_qualt5_attfus,dev.small,0.45,45.0,BM25,R@100,0.5786532951289398,0.6777578796561604,False
compare_all_metadata_qualt5_ATTFUS_ck5_dev.small_0.45.csv,metadata_qualt5_attfus,dev.small,0.45,45.0,SPLADE,RR@10,0.2707626665757026,0.2969339837176502,False
compare_all_metadata_qualt5_ATTFUS_ck5_dev.small_0.45.csv,metadata_qualt5_attfus,dev.small,0.45,45.0,SPLADE,nDCG@10,0.3162170436771035,0.3525535290063931,False
compare_all_metadata_qualt5_ATTFUS_ck5_dev.small_0.45.csv,metadata_qualt5_attfus,dev.small,0.45,45.0,SPLADE,R@100,0.6776146131805157,0.8166905444126076,False
compare_all_metadata_qualt5_ATTFUS_ck5_dev.small_0.45.csv,metadata_qualt5_attfus,dev.small,0.45,45.0,TAS-B,RR@10,0.3108006435621037,0.3472977213808154,False
compare_all_metadata_qualt5_ATTFUS_ck5_dev.small_0.45.csv,metadata_qualt5_attfus,dev.small,0.45,45.0,TAS-B,nDCG@10,0.3616987471249321,0.4106574638556753,False
compare_all_metadata_qualt5_ATTFUS_ck5_dev.small_0.45.csv,metadata_qualt5_attfus,dev.small,0.45,45.0,TAS-B,R@100,0.7268505253104105,0.8869149952244509,False
compare_all_metadata_qualt5_ATTFUS_ck5_dev.small_0.6.csv,metadata_qualt5_attfus,dev.small,0.6,60.0,BM25,RR@10,0.1766198776549781,0.1842761631873375,False
compare_all_metadata_qualt5_ATTFUS_ck5_dev.small_0.6.csv,metadata_qualt5_attfus,dev.small,0.6,60.0,BM25,nDCG@10,0.2096756971269395,0.229934753202334,False
compare_all_metadata_qualt5_ATTFUS_ck5_dev.small_0.6.csv,metadata_qualt5_attfus,dev.small,0.6,60.0,BM25,R@100,0.5018863419293219,0.6777578796561604,False
compare_all_metadata_qualt5_ATTFUS_ck5_dev.small_0.6.csv,metadata_qualt5_attfus,dev.small,0.6,60.0,SPLADE,RR@10,0.2430189430117793,0.2969339837176502,False
compare_all_metadata_qualt5_ATTFUS_ck5_dev.small_0.6.csv,metadata_qualt5_attfus,dev.small,0.6,60.0,SPLADE,nDCG@10,0.2808977854734963,0.3525535290063931,False
compare_all_metadata_qualt5_ATTFUS_ck5_dev.small_0.6.csv,metadata_qualt5_attfus,dev.small,0.6,60.0,SPLADE,R@100,0.5778056351480421,0.8166905444126076,False
compare_all_metadata_qualt5_ATTFUS_ck5_dev.small_0.6.csv,metadata_qualt5_attfus,dev.small,0.6,60.0,TAS-B,RR@10,0.2796451880656742,0.3472977213808154,False
compare_all_metadata_qualt5_ATTFUS_ck5_dev.small_0.6.csv,metadata_qualt5_attfus,dev.small,0.6,60.0,TAS-B,nDCG@10,0.321697462042143,0.4106574638556753,False
compare_all_metadata_qualt5_ATTFUS_ck5_dev.small_0.6.csv,metadata_qualt5_attfus,dev.small,0.6,60.0,TAS-B,R@100,0.6119866284622733,0.8869149952244509,False
compare_all_metadata_qualt5_ATTFUS_ck5_test-2019_test-2020_0.15.csv,metadata_qualt5_attfus,test-2019_test-2020,0.15,15.0,BM25,RR@10,0.8105792832596956,0.798678612338406,True
compare_all_metadata_qualt5_ATTFUS_ck5_test-2019_test-2020_0.15.csv,metadata_qualt5_attfus,test-2019_test-2020,0.15,15.0,BM25,nDCG@10,0.5052698230341962,0.4873823836823968,True
compare_all_metadata_qualt5_ATTFUS_ck5_test-2019_test-2020_0.15.csv,metadata_qualt5_attfus,test-2019_test-2020,0.15,15.0,BM25,R@100,0.4650807929444375,0.4769567428702132,False
compare_all_metadata_qualt5_ATTFUS_ck5_test-2019_test-2020_0.15.csv,metadata_qualt5_attfus,test-2019_test-2020,0.15,15.0,SPLADE,RR@10,0.8584601538209787,0.8618106692848961,True
compare_all_metadata_qualt5_ATTFUS_ck5_test-2019_test-2020_0.15.csv,metadata_qualt5_attfus,test-2019_test-2020,0.15,15.0,SPLADE,nDCG@10,0.5869208430594187,0.5903063303445051,True
compare_all_metadata_qualt5_ATTFUS_ck5_test-2019_test-2020_0.15.csv,metadata_qualt5_attfus,test-2019_test-2020,0.15,15.0,SPLADE,R@100,0.4533532203236739,0.4689618970534333,False
compare_all_metadata_qualt5_ATTFUS_ck5_test-2019_test-2020_0.15.csv,metadata_qualt5_attfus,test-2019_test-2020,0.15,15.0,TAS-B,RR@10,0.9396170839469808,0.9354933726067746,True
compare_all_metadata_qualt5_ATTFUS_ck5_test-2019_test-2020_0.15.csv,metadata_qualt5_attfus,test-2019_test-2020,0.15,15.0,TAS-B,nDCG@10,0.6992031870580457,0.697936757957595,True
compare_all_metadata_qualt5_ATTFUS_ck5_test-2019_test-2020_0.15.csv,metadata_qualt5_attfus,test-2019_test-2020,0.15,15.0,TAS-B,R@100,0.5301606256202511,0.553444309695361,False
compare_all_metadata_qualt5_ATTFUS_ck5_test-2019_test-2020_0.3.csv,metadata_qualt5_attfus,test-2019_test-2020,0.3,30.0,BM25,RR@10,0.8036205203730977,0.798678612338406,False
compare_all_metadata_qualt5_ATTFUS_ck5_test-2019_test-2020_0.3.csv,metadata_qualt5_attfus,test-2019_test-2020,0.3,30.0,BM25,nDCG@10,0.4942402757033147,0.4873823836823968,True
compare_all_metadata_qualt5_ATTFUS_ck5_test-2019_test-2020_0.3.csv,metadata_qualt5_attfus,test-2019_test-2020,0.3,30.0,BM25,R@100,0.4319018629453897,0.4769567428702132,False
compare_all_metadata_qualt5_ATTFUS_ck5_test-2019_test-2020_0.3.csv,metadata_qualt5_attfus,test-2019_test-2020,0.3,30.0,SPLADE,RR@10,0.8608492881688758,0.8618106692848961,True
compare_all_metadata_qualt5_ATTFUS_ck5_test-2019_test-2020_0.3.csv,metadata_qualt5_attfus,test-2019_test-2020,0.3,30.0,SPLADE,nDCG@10,0.5750315026852221,0.5903063303445051,True
compare_all_metadata_qualt5_ATTFUS_ck5_test-2019_test-2020_0.3.csv,metadata_qualt5_attfus,test-2019_test-2020,0.3,30.0,SPLADE,R@100,0.415349439457117,0.4689618970534333,False
compare_all_metadata_qualt5_ATTFUS_ck5_test-2019_test-2020_0.3.csv,metadata_qualt5_attfus,test-2019_test-2020,0.3,30.0,TAS-B,RR@10,0.9421944035346096,0.9354933726067746,True
compare_all_metadata_qualt5_ATTFUS_ck5_test-2019_test-2020_0.3.csv,metadata_qualt5_attfus,test-2019_test-2020,0.3,30.0,TAS-B,nDCG@10,0.6756659504204786,0.697936757957595,False
compare_all_metadata_qualt5_ATTFUS_ck5_test-2019_test-2020_0.3.csv,metadata_qualt5_attfus,test-2019_test-2020,0.3,30.0,TAS-B,R@100,0.4859842189446481,0.553444309695361,False
compare_all_metadata_qualt5_ATTFUS_ck5_test-2019_test-2020_0.45.csv,metadata_qualt5_attfus,test-2019_test-2020,0.45,45.0,BM25,RR@10,0.7938430698739976,0.798678612338406,False
compare_all_metadata_qualt5_ATTFUS_ck5_test-2019_test-2020_0.45.csv,metadata_qualt5_attfus,test-2019_test-2020,0.45,45.0,BM25,nDCG@10,0.477645627600737,0.4873823836823968,False
compare_all_metadata_qualt5_ATTFUS_ck5_test-2019_test-2020_0.45.csv,metadata_qualt5_attfus,test-2019_test-2020,0.45,45.0,BM25,R@100,0.3958546894566455,0.4769567428702132,False
compare_all_metadata_qualt5_ATTFUS_ck5_test-2019_test-2020_0.45.csv,metadata_qualt5_attfus,test-2019_test-2020,0.45,45.0,SPLADE,RR@10,0.867120765832106,0.8618106692848961,True
compare_all_metadata_qualt5_ATTFUS_ck5_test-2019_test-2020_0.45.csv,metadata_qualt5_attfus,test-2019_test-2020,0.45,45.0,SPLADE,nDCG@10,0.5663547252664968,0.5903063303445051,False
compare_all_metadata_qualt5_ATTFUS_ck5_test-2019_test-2020_0.45.csv,metadata_qualt5_attfus,test-2019_test-2020,0.45,45.0,SPLADE,R@100,0.3763165090814921,0.4689618970534333,False
compare_all_metadata_qualt5_ATTFUS_ck5_test-2019_test-2020_0.45.csv,metadata_qualt5_attfus,test-2019_test-2020,0.45,45.0,TAS-B,RR@10,0.9378988708885616,0.9354933726067746,True
compare_all_metadata_qualt5_ATTFUS_ck5_test-2019_test-2020_0.45.csv,metadata_qualt5_attfus,test-2019_test-2020,0.45,45.0,TAS-B,nDCG@10,0.6573965506610457,0.697936757957595,False
compare_all_metadata_qualt5_ATTFUS_ck5_test-2019_test-2020_0.45.csv,metadata_qualt5_attfus,test-2019_test-2020,0.45,45.0,TAS-B,R@100,0.4330829899187412,0.553444309695361,False
compare_all_metadata_qualt5_ATTFUS_ck5_test-2019_test-2020_0.6.csv,metadata_qualt5_attfus,test-2019_test-2020,0.6,60.0,BM25,RR@10,0.7808419243986255,0.798678612338406,False
compare_all_metadata_qualt5_ATTFUS_ck5_test-2019_test-2020_0.6.csv,metadata_qualt5_attfus,test-2019_test-2020,0.6,60.0,BM25,nDCG@10,0.4577304031407518,0.4873823836823968,False
compare_all_metadata_qualt5_ATTFUS_ck5_test-2019_test-2020_0.6.csv,metadata_qualt5_attfus,test-2019_test-2020,0.6,60.0,BM25,R@100,0.3441207812669642,0.4769567428702132,False
compare_all_metadata_qualt5_ATTFUS_ck5_test-2019_test-2020_0.6.csv,metadata_qualt5_attfus,test-2019_test-2020,0.6,60.0,SPLADE,RR@10,0.8334192439862543,0.8618106692848961,False
compare_all_metadata_qualt5_ATTFUS_ck5_test-2019_test-2020_0.6.csv,metadata_qualt5_attfus,test-2019_test-2020,0.6,60.0,SPLADE,nDCG@10,0.5335436083130276,0.5903063303445051,False
compare_all_metadata_qualt5_ATTFUS_ck5_test-2019_test-2020_0.6.csv,metadata_qualt5_attfus,test-2019_test-2020,0.6,60.0,SPLADE,R@100,0.318483506548033,0.4689618970534333,False
compare_all_metadata_qualt5_ATTFUS_ck5_test-2019_test-2020_0.6.csv,metadata_qualt5_attfus,test-2019_test-2020,0.6,60.0,TAS-B,RR@10,0.9286205203730976,0.9354933726067746,True
compare_all_metadata_qualt5_ATTFUS_ck5_test-2019_test-2020_0.6.csv,metadata_qualt5_attfus,test-2019_test-2020,0.6,60.0,TAS-B,nDCG@10,0.6177782342345907,0.697936757957595,False
compare_all_metadata_qualt5_ATTFUS_ck5_test-2019_test-2020_0.6.csv,metadata_qualt5_attfus,test-2019_test-2020,0.6,60.0,TAS-B,R@100,0.3656681878956337,0.553444309695361,False
