scorer,qrels_variant,threshold,pruning_percent,pipeline,metric,n_queries,mean_full,mean_pruned,mean_diff_pruned_minus_full,lower_bound_relative,lower_bound_absolute,upper_bound_absolute,ci95_low,ci95_high,p_noninferiority,t_noninferiority,passes_pruning_tost_p_lt_0.05,margin_respected_by_mean,margin_respected_by_ci,retained_for_plot
cdd,test-2019_test-2020,0.15,15.0,BM25,RR@10,97,0.7986786123384061,0.8059401080019636,0.0072614956635575,-0.05,-0.0399339306169203,1000000.0,-0.0485831587023937,0.0631061500295087,0.0483440579338818,1.6775496563890568,True,True,False,True
cdd,test-2019_test-2020,0.15,15.0,SPLADE,RR@10,97,0.8618106692848961,0.8489690721649484,-0.0128415971199476,-0.05,-0.0430905334642448,1000000.0,-0.0466784105813837,0.0209952163414884,0.0395746722910933,1.774507051391298,True,True,False,True
cdd,test-2019_test-2020,0.15,15.0,TAS-B,RR@10,97,0.9354933726067748,0.9527491408934708,0.0172557682866961,-0.05,-0.0467746686303387,1000000.0,-0.0010756542618679,0.0355871908352601,2.3751840466227503e-10,6.933417873276105,True,True,True,True
cdd,test-2019_test-2020,0.3,30.0,TAS-B,RR@10,97,0.9354933726067748,0.9411062019309442,0.0056128293241695,-0.05,-0.0467746686303387,1000000.0,-0.028200312094712,0.039425970743051,0.001369174174751,3.075383037377125,True,True,True,True
finetuned_qualt5,dev.small,0.15,15.0,BM25,RR@10,6980,0.1842761631873379,0.1981292923090917,0.0138531291217537,-0.05,-0.0092138081593668,1000000.0,0.009349903237142,0.0183563550063655,7.248369020703772e-24,10.041292534030072,True,True,True,True
finetuned_qualt5,dev.small,0.15,15.0,BM25,nDCG@10,6980,0.2299347532023317,0.2425531993801006,0.0126184461777689,-0.05,-0.0114967376601165,1000000.0,0.0084010836540357,0.0168358087015021,3.2431963777183616e-29,11.209159768101507,True,True,True,True
finetuned_qualt5,dev.small,0.15,15.0,BM25,R@100,6980,0.6777578796561604,0.6651146131805158,-0.0126432664756447,-0.05,-0.033887893982808,1000000.0,-0.0187933620956721,-0.0064931708556172,6.886993799137879e-12,6.771590226296787,True,True,True,True
finetuned_qualt5,dev.small,0.15,15.0,SPLADE,RR@10,6980,0.2969339837176513,0.2916111224814663,-0.005322861236185,-0.05,-0.0148466991858825,1000000.0,-0.0076471118535301,-0.0029986106188398,5.562140185869566e-16,8.032531900859043,True,True,True,True
finetuned_qualt5,dev.small,0.15,15.0,SPLADE,nDCG@10,6980,0.3525535290063942,0.3460392397040682,-0.0065142893023259,-0.05,-0.0176276764503197,1000000.0,-0.0088865812813444,-0.0041419973233073,2.7060368344422902e-20,9.183362337842365,True,True,True,True
finetuned_qualt5,dev.small,0.15,15.0,SPLADE,R@100,6980,0.8166905444126075,0.7932784145176697,-0.0234121298949379,-0.05,-0.0408345272206303,1000000.0,-0.0276364210579076,-0.0191878387319682,3.637051275127099e-16,8.084952745947378,True,True,True,True
finetuned_qualt5,dev.small,0.15,15.0,TAS-B,RR@10,6980,0.3472977213808159,0.3400834584072406,-0.0072142629735752,-0.05,-0.0173648860690407,1000000.0,-0.0100451071625196,-0.0043834187846309,1.137779813889855e-12,7.029106974264288,True,True,True,True
finetuned_qualt5,dev.small,0.15,15.0,TAS-B,nDCG@10,6980,0.4106574638556805,0.4016031820927501,-0.0090542817629303,-0.05,-0.020532873192784,1000000.0,-0.0118612698575636,-0.006247293668297,6.343079190359066e-16,8.01625352696102,True,True,True,True
finetuned_qualt5,dev.small,0.15,15.0,TAS-B,R@100,6980,0.8869149952244508,0.860339063992359,-0.0265759312320916,-0.05,-0.0443457497612225,1000000.0,-0.0308717232933762,-0.0222801391708071,2.992316541062506e-16,8.108922662228785,True,True,True,True
finetuned_qualt5,dev.small,0.3,30.0,BM25,RR@10,6980,0.1842761631873379,0.2007211647791877,0.0164450015918497,-0.05,-0.0092138081593668,1000000.0,0.011172049526916,0.0217179536567834,9.731651225767964e-22,9.539071415196409,True,True,True,True
finetuned_qualt5,dev.small,0.3,30.0,BM25,nDCG@10,6980,0.2299347532023317,0.2434862851842856,0.0135515319819539,-0.05,-0.0114967376601165,1000000.0,0.0084469721504527,0.018656091813455,4.521625058075775e-22,9.61928623516813,True,True,True,True
finetuned_qualt5,dev.small,0.3,30.0,SPLADE,RR@10,6980,0.2969339837176513,0.2865110633556192,-0.0104229203620321,-0.05,-0.0148466991858825,1000000.0,-0.013738665139991,-0.0071071755840731,0.0044659277800839,2.615385597814394,True,True,True,True
finetuned_qualt5,dev.small,0.45,45.0,BM25,RR@10,6980,0.1842761631873379,0.1960431732387319,0.011767010051394,-0.05,-0.0092138081593668,1000000.0,0.0056743960653748,0.0178596240374131,7.953490136468599e-12,6.750596883015682,True,True,True,True
finetuned_qualt5,dev.small,0.45,45.0,BM25,nDCG@10,6980,0.2299347532023317,0.2349275573261887,0.004992804123857,-0.05,-0.0114967376601165,1000000.0,-0.0011016412337602,0.0110872494814743,5.8408548113810164e-08,5.303930403860801,True,True,True,True
finetuned_qualt5,dev.small,0.6,60.0,BM25,RR@10,6980,0.1842761631873379,0.1884257174694137,0.0041495542820757,-0.05,-0.0092138081593668,1000000.0,-0.0026601428540203,0.0109592514181718,6.034274458645877e-05,3.846904166864812,True,True,True,True
finetuned_qualt5,test-2019_test-2020,0.15,15.0,BM25,RR@10,97,0.7986786123384061,0.8098469972181311,0.011168384879725,-0.05,-0.0399339306169203,1000000.0,-0.0435926384245178,0.0659294081839679,0.0335232009656619,1.852363020686835,True,True,False,True
finetuned_qualt5,test-2019_test-2020,0.15,15.0,BM25,nDCG@10,97,0.4873823836823968,0.5054054718443594,0.0180230881619626,-0.05,-0.0243691191841198,1000000.0,-0.0069972544354877,0.043043430759413,0.0005540250772222,3.363178029453458,True,True,True,True
finetuned_qualt5,test-2019_test-2020,0.15,15.0,SPLADE,RR@10,97,0.8618106692848961,0.8653330060546556,0.0035223367697594,-0.05,-0.0430905334642448,1000000.0,-0.0119384864349342,0.0189831599744531,1.8671782218720232e-08,5.984533611498781,True,True,True,True
finetuned_qualt5,test-2019_test-2020,0.15,15.0,SPLADE,nDCG@10,97,0.5903063303445052,0.5853861580462856,-0.0049201722982195,-0.05,-0.0295153165172252,1000000.0,-0.0156878546194388,0.0058475100229996,8.352736810633835e-06,4.534028211285567,True,True,True,True
finetuned_qualt5,test-2019_test-2020,0.15,15.0,TAS-B,RR@10,97,0.9354933726067748,0.9396170839469808,0.0041237113402061,-0.05,-0.0467746686303387,1000000.0,-0.006331679236566,0.0145791019169784,3.9356384821734684e-16,9.663195744052905,True,True,True,True
finetuned_qualt5,test-2019_test-2020,0.15,15.0,TAS-B,nDCG@10,97,0.697936757957595,0.6937247182640284,-0.0042120396935667,-0.05,-0.0348968378978797,1000000.0,-0.0155831858327931,0.0071591064456596,2.902629725092315e-07,5.356438330164666,True,True,True,True
finetuned_qualt5,test-2019_test-2020,0.3,30.0,BM25,nDCG@10,97,0.4873823836823968,0.4996544494301745,0.0122720657477778,-0.05,-0.0243691191841198,1000000.0,-0.0182049405802007,0.0427490720757564,0.0094862071516605,2.386460679996441,True,True,True,True
finetuned_qualt5,test-2019_test-2020,0.3,30.0,SPLADE,RR@10,97,0.8618106692848961,0.861896579937817,8.59106529209619e-05,-0.05,-0.0430905334642448,1000000.0,-0.0257476881259774,0.0259195094318193,0.0006417578743237,3.3175619445741225,True,True,True,True
finetuned_qualt5,test-2019_test-2020,0.3,30.0,SPLADE,nDCG@10,97,0.5903063303445052,0.5782938777862628,-0.0120124525582423,-0.05,-0.0295153165172252,1000000.0,-0.0282889149986222,0.0042640098821374,0.0176723436385161,2.134549229766902,True,True,True,True
finetuned_qualt5,test-2019_test-2020,0.3,30.0,TAS-B,RR@10,97,0.9354933726067748,0.9396170839469808,0.0041237113402061,-0.05,-0.0467746686303387,1000000.0,-0.006331679236566,0.0145791019169784,3.9356384821734684e-16,9.663195744052905,True,True,True,True
finetuned_qualt5,test-2019_test-2020,0.3,30.0,TAS-B,nDCG@10,97,0.697936757957595,0.6795804993247984,-0.0183562586327969,-0.05,-0.0348968378978797,1000000.0,-0.034941756270966,-0.0017707609946278,0.0253056631389945,1.9796083940987568,True,True,False,True
finetuned_qualt5,test-2019_test-2020,0.45,45.0,BM25,RR@10,97,0.7986786123384061,0.8228522336769759,0.0241736213385697,-0.05,-0.0399339306169203,1000000.0,-0.0392831373538415,0.0876303800309811,0.0238708585814564,2.005341708345487,True,True,True,True
finetuned_qualt5,test-2019_test-2020,0.45,45.0,SPLADE,RR@10,97,0.8618106692848961,0.8533055146457208,-0.0085051546391752,-0.05,-0.0430905334642448,1000000.0,-0.0407622380137955,0.023751928735445,0.0179381401557933,2.128259197486365,True,True,True,True
finetuned_qualt5,test-2019_test-2020,0.45,45.0,TAS-B,RR@10,97,0.9354933726067748,0.937039764359352,0.0015463917525773,-0.05,-0.0467746686303387,1000000.0,-0.01975398455378,0.0228467680589347,9.422960619770252e-06,4.503044706679844,True,True,True,True
finetuned_qualt5,test-2019_test-2020,0.6,60.0,BM25,RR@10,97,0.7986786123384061,0.8263745704467353,0.0276959581083292,-0.05,-0.0399339306169203,1000000.0,-0.045910450504777,0.1013023667214355,0.0356459024088314,1.8238122283051503,True,True,False,True
itn,dev.small,0.15,15.0,BM25,RR@10,6980,0.1842761631873379,0.1809292991313048,-0.0033468640560331,-0.05,-0.0092138081593668,1000000.0,-0.0085474414506898,0.0018537133386236,0.0135173118318423,2.211484009396916,True,True,True,True
itn,test-2019_test-2020,0.15,15.0,SPLADE,RR@10,97,0.8618106692848961,0.8617247586319751,-8.59106529209619e-05,-0.05,-0.0430905334642448,1000000.0,-0.0249054967921896,0.0247336754863476,0.0004321408414515,3.4393603956484893,True,True,True,True
itn,test-2019_test-2020,0.15,15.0,TAS-B,RR@10,97,0.9354933726067748,0.9396170839469808,0.0041237113402061,-0.05,-0.0467746686303387,1000000.0,-0.006331679236566,0.0145791019169784,3.9356384821734684e-16,9.663195744052905,True,True,True,True
itn,test-2019_test-2020,0.15,15.0,TAS-B,nDCG@10,97,0.697936757957595,0.6750917153280939,-0.0228450426295011,-0.05,-0.0348968378978797,1000000.0,-0.0355752424557815,-0.0101148428032208,0.0316251269796488,1.879202593829597,True,True,False,True
itn,test-2019_test-2020,0.3,30.0,SPLADE,RR@10,97,0.8618106692848961,0.8512600229095074,-0.0105506463753886,-0.05,-0.0430905334642448,1000000.0,-0.0369546306641599,0.0158533379133826,0.0081273782441068,2.446265861392688,True,True,True,True
itn,test-2019_test-2020,0.3,30.0,TAS-B,RR@10,97,0.9354933726067748,0.9298969072164948,-0.0055964653902798,-0.05,-0.0467746686303387,1000000.0,-0.0121112539971138,0.0009183232165542,2.9811004798132887e-22,12.54654484457241,True,True,True,True
itn,test-2019_test-2020,0.45,45.0,SPLADE,RR@10,97,0.8618106692848961,0.8571142202585502,-0.0046964490263459,-0.05,-0.0430905334642448,1000000.0,-0.0394733191192629,0.030080421066571,0.0154192184340494,2.191446644312839,True,True,True,True
itn,test-2019_test-2020,0.45,45.0,TAS-B,RR@10,97,0.9354933726067748,0.923981345115366,-0.0115120274914089,-0.05,-0.0467746686303387,1000000.0,-0.0299604042749724,0.0069363492921546,0.0001295983906349,3.7941435317109424,True,True,True,True
metadata_qualt5,test-2019_test-2020,0.15,15.0,BM25,nDCG@10,97,0.4873823836823968,0.5025273691559526,0.0151449854735558,-0.05,-0.0243691191841198,1000000.0,-0.0098291195908946,0.0401190905380064,0.0011205359298366,3.1406481884842194,True,True,True,True
metadata_qualt5,test-2019_test-2020,0.15,15.0,SPLADE,RR@10,97,0.8618106692848961,0.8584601538209785,-0.0033505154639175,-0.05,-0.0430905334642448,1000000.0,-0.0153944850119729,0.0086934540841379,1.4258040647179432e-09,6.549610737212967,True,True,True,True
metadata_qualt5,test-2019_test-2020,0.15,15.0,SPLADE,nDCG@10,97,0.5903063303445052,0.584505580527258,-0.0058007498172472,-0.05,-0.0295153165172252,1000000.0,-0.0155614885815652,0.0039599889470708,2.6573343682164564e-06,4.8226926251008,True,True,True,True
metadata_qualt5,test-2019_test-2020,0.15,15.0,TAS-B,RR@10,97,0.9354933726067748,0.9396170839469808,0.0041237113402061,-0.05,-0.0467746686303387,1000000.0,-0.006331679236566,0.0145791019169784,3.9356384821734684e-16,9.663195744052905,True,True,True,True
metadata_qualt5,test-2019_test-2020,0.15,15.0,TAS-B,nDCG@10,97,0.697936757957595,0.6970557769860797,-0.0008809809715154,-0.05,-0.0348968378978797,1000000.0,-0.0112345058381614,0.0094725438951305,1.6233467179455187e-09,6.52154152443641,True,True,True,True
metadata_qualt5,test-2019_test-2020,0.3,30.0,BM25,nDCG@10,97,0.4873823836823968,0.4944595686700182,0.0070771849876214,-0.05,-0.0243691191841198,1000000.0,-0.0238012711621039,0.0379556411373468,0.0230065352819857,2.0214877367531185,True,True,True,True
metadata_qualt5,test-2019_test-2020,0.3,30.0,SPLADE,RR@10,97,0.8618106692848961,0.857601047291769,-0.0042096219931271,-0.05,-0.0430905334642448,1000000.0,-0.026813015498203,0.0183937715119487,0.0004689145510139,3.414443024710581,True,True,True,True
metadata_qualt5,test-2019_test-2020,0.3,30.0,TAS-B,RR@10,97,0.9354933726067748,0.9396170839469808,0.0041237113402061,-0.05,-0.0467746686303387,1000000.0,-0.006331679236566,0.0145791019169784,3.9356384821734684e-16,9.663195744052905,True,True,True,True
metadata_qualt5,test-2019_test-2020,0.45,45.0,SPLADE,RR@10,97,0.8618106692848961,0.8610947471772212,-0.0007159221076746,-0.05,-0.0430905334642448,1000000.0,-0.0254354036974477,0.0240035594820983,0.0004872507638511,3.40269833105299,True,True,True,True
metadata_qualt5,test-2019_test-2020,0.45,45.0,TAS-B,RR@10,97,0.9354933726067748,0.9430535100638194,0.0075601374570446,-0.05,-0.0467746686303387,1000000.0,-0.009116001272297,0.0242362761863864,2.082434192670866e-09,6.467548597671883,True,True,True,True
perplexity,test-2019_test-2020,0.15,15.0,BM25,RR@10,97,0.7986786123384061,0.8104810996563573,0.0118024873179512,-0.05,-0.0399339306169203,1000000.0,-0.0325690612354368,0.0561740358713393,0.0113871619720105,2.3144555753326377,True,True,True,True
perplexity,test-2019_test-2020,0.15,15.0,SPLADE,RR@10,97,0.8618106692848961,0.8700867288496155,0.0082760595647193,-0.05,-0.0430905334642448,1000000.0,-0.0102265664698102,0.0267786855992489,1.4987607986924618e-07,5.510670815537814,True,True,True,True
perplexity,test-2019_test-2020,0.15,15.0,SPLADE,nDCG@10,97,0.5903063303445052,0.5752992462284737,-0.0150070841160314,-0.05,-0.0295153165172252,1000000.0,-0.0289410012614644,-0.0010731669705985,0.0207225747337873,2.0667995513275232,True,True,True,True
perplexity,test-2019_test-2020,0.15,15.0,TAS-B,RR@10,97,0.9354933726067748,0.9336033382425136,-0.0018900343642611,-0.05,-0.0467746686303387,1000000.0,-0.0045401368280733,0.0007600680995509,3.3324773277951874e-55,33.61956605964934,True,True,True,True
perplexity,test-2019_test-2020,0.15,15.0,TAS-B,nDCG@10,97,0.697936757957595,0.6781974951290229,-0.0197392628285722,-0.05,-0.0348968378978797,1000000.0,-0.0336403544217715,-0.0058381712353728,0.0164569096969239,2.1644018753281555,True,True,True,True
perplexity,test-2019_test-2020,0.3,30.0,SPLADE,RR@10,97,0.8618106692848961,0.8686548846342661,0.0068442153493699,-0.05,-0.0430905334642448,1000000.0,-0.0242107414575849,0.0378991721563249,0.0009559187625287,3.1917511143686097,True,True,True,True
perplexity,test-2019_test-2020,0.3,30.0,TAS-B,RR@10,97,0.9354933726067748,0.9344624447717232,-0.0010309278350515,-0.05,-0.0467746686303387,1000000.0,-0.0264984261991653,0.0244365705290622,0.0002842511798371,3.5653524555569795,True,True,True,True
perplexity,test-2019_test-2020,0.45,45.0,TAS-B,RR@10,97,0.9354933726067748,0.9186712485681556,-0.0168221240386188,-0.05,-0.0467746686303387,1000000.0,-0.051148551929691,0.0175043038524532,0.0432376389168249,1.7320570405305913,True,True,False,True
qualt5,dev.small,0.15,15.0,BM25,RR@10,6980,0.1842761631873379,0.1959738709237276,0.0116977077363896,-0.05,-0.0092138081593668,1000000.0,0.006909267336812,0.0164861481359673,6.81900302340705e-18,8.560809775275395,True,True,True,True
qualt5,dev.small,0.15,15.0,BM25,nDCG@10,6980,0.2299347532023317,0.239823368887912,0.0098886156855802,-0.05,-0.0114967376601165,1000000.0,0.0052875436591499,0.0144896877120106,5.229788136947332e-20,9.111309835804027,True,True,True,True
qualt5,dev.small,0.15,15.0,BM25,R@100,6980,0.6777578796561604,0.6546561604584528,-0.0231017191977077,-0.05,-0.033887893982808,1000000.0,-0.0298909505176499,-0.0163124878777655,0.0009254228974238,3.114370409246004,True,True,True,True
qualt5,dev.small,0.15,15.0,SPLADE,RR@10,6980,0.2969339837176513,0.286637217446673,-0.0102967662709783,-0.05,-0.0148466991858825,1000000.0,-0.0131756119100007,-0.0074179206319558,0.0009773547429706,3.0982041487150376,True,True,True,True
qualt5,dev.small,0.15,15.0,SPLADE,nDCG@10,6980,0.3525535290063942,0.3392054938644724,-0.0133480351419217,-0.05,-0.0176276764503197,1000000.0,-0.0163472323949191,-0.0103488378889242,0.0025843240110689,2.797214417244662,True,True,True,True
qualt5,dev.small,0.15,15.0,TAS-B,RR@10,6980,0.3472977213808159,0.334472642925365,-0.0128250784554509,-0.05,-0.0173648860690407,1000000.0,-0.016209635202084,-0.0094405217088178,0.004285980598975,2.6294145733968204,True,True,True,True
qualt5,dev.small,0.15,15.0,TAS-B,nDCG@10,6980,0.4106574638556805,0.3943198996648253,-0.0163375641908552,-0.05,-0.020532873192784,1000000.0,-0.0197856211138963,-0.012889507267814,0.0085496954108423,2.3851348819443423,True,True,True,True
qualt5,dev.small,0.3,30.0,BM25,RR@10,6980,0.1842761631873379,0.1943879337790512,0.0101117705917132,-0.05,-0.0092138081593668,1000000.0,0.0043728189394961,0.0158507222439304,2.188764785652984e-11,6.6012071219195,True,True,True,True
qualt5,dev.small,0.3,30.0,BM25,nDCG@10,6980,0.2299347532023317,0.2354875031452233,0.0055527499428916,-0.05,-0.0114967376601165,1000000.0,-0.0001002706174114,0.0112057705031947,1.7667181820801351e-09,5.912268967678543,True,True,True,True
qualt5,dev.small,0.45,45.0,BM25,RR@10,6980,0.1842761631873379,0.1889589302769818,0.0046827670896438,-0.05,-0.0092138081593668,1000000.0,-0.0017632917620336,0.0111288259413213,1.2041761854942651e-05,4.226072409818218,True,True,True,True
qualt5,dev.small,0.45,45.0,BM25,nDCG@10,6980,0.2299347532023317,0.2257576562211014,-0.0041770969812302,-0.05,-0.0114967376601165,1000000.0,-0.0106548515521706,0.0023006575897101,0.0133934984408308,2.215076295002986,True,True,True,True
tasb,test-2019_test-2020,0.15,15.0,BM25,RR@10,97,0.7986786123384061,0.8009450171821305,0.0022664048437244,-0.05,-0.0399339306169203,1000000.0,-0.0449649282954066,0.0494977379828555,0.0396545622269959,1.773547309875212,True,True,False,True
tasb,test-2019_test-2020,0.15,15.0,SPLADE,RR@10,97,0.8618106692848961,0.8569137620684012,-0.0048969072164948,-0.05,-0.0430905334642448,1000000.0,-0.017763103269824,0.0079692888368343,2.8145768340967807e-08,5.892475801551764,True,True,True,True
tasb,test-2019_test-2020,0.15,15.0,TAS-B,RR@10,97,0.9354933726067748,0.9221076746849942,-0.0133856979217803,-0.05,-0.0467746686303387,1000000.0,-0.0308377694558239,0.0040663736122631,0.000128023804967,3.797634160814203,True,True,True,True
tasb,test-2019_test-2020,0.3,30.0,BM25,RR@10,97,0.7986786123384061,0.8031786941580756,0.0045000818196694,-0.05,-0.0399339306169203,1000000.0,-0.0476338841165077,0.0566340477558466,0.046962852403352,1.691811010368574,True,True,False,True
