scorer,qrels_variant,threshold,pruning_percent,pipeline,metric,value,mean_full,equivalent
cdd,dev.small,0.15,15.0,BM25,RR@10,0.1675145540546686,0.1842761631873379,False
cdd,dev.small,0.15,15.0,BM25,nDCG@10,0.2053392938844855,0.2299347532023317,False
cdd,dev.small,0.15,15.0,BM25,R@100,0.5707139446036293,0.6777578796561604,False
cdd,dev.small,0.15,15.0,SPLADE,RR@10,0.2548800427525344,0.2969339837176513,False
cdd,dev.small,0.15,15.0,SPLADE,nDCG@10,0.3004916570363643,0.3525535290063942,False
cdd,dev.small,0.15,15.0,SPLADE,R@100,0.6897803247373449,0.8166905444126075,False
cdd,dev.small,0.15,15.0,TAS-B,RR@10,0.2980983080911436,0.3472977213808159,False
cdd,dev.small,0.15,15.0,TAS-B,nDCG@10,0.349767175354283,0.4106574638556805,False
cdd,dev.small,0.15,15.0,TAS-B,R@100,0.7474808978032473,0.8869149952244508,False
cdd,dev.small,0.3,30.0,BM25,RR@10,0.1469472870332473,0.1842761631873379,False
cdd,dev.small,0.3,30.0,BM25,nDCG@10,0.177537158944623,0.2299347532023317,False
cdd,dev.small,0.3,30.0,BM25,R@100,0.477686246418338,0.6777578796561604,False
cdd,dev.small,0.3,30.0,SPLADE,RR@10,0.2178113203256466,0.2969339837176513,False
cdd,dev.small,0.3,30.0,SPLADE,nDCG@10,0.2543846885721866,0.3525535290063942,False
cdd,dev.small,0.3,30.0,SPLADE,R@100,0.5690305635148042,0.8166905444126075,False
cdd,dev.small,0.3,30.0,TAS-B,RR@10,0.256195820257424,0.3472977213808159,False
cdd,dev.small,0.3,30.0,TAS-B,nDCG@10,0.2980109079381969,0.4106574638556805,False
cdd,dev.small,0.3,30.0,TAS-B,R@100,0.6148161413562557,0.8869149952244508,False
cdd,dev.small,0.45,45.0,BM25,RR@10,0.131427775503707,0.1842761631873379,False
cdd,dev.small,0.45,45.0,BM25,nDCG@10,0.1563962437724795,0.2299347532023317,False
cdd,dev.small,0.45,45.0,BM25,R@100,0.3937679083094555,0.6777578796561604,False
cdd,dev.small,0.45,45.0,SPLADE,RR@10,0.1861899645244918,0.2969339837176513,False
cdd,dev.small,0.45,45.0,SPLADE,nDCG@10,0.2150533920402829,0.3525535290063942,False
cdd,dev.small,0.45,45.0,SPLADE,R@100,0.4543696275071632,0.8166905444126075,False
cdd,dev.small,0.45,45.0,TAS-B,RR@10,0.2156323623049983,0.3472977213808159,False
cdd,dev.small,0.45,45.0,TAS-B,nDCG@10,0.247324408145621,0.4106574638556805,False
cdd,dev.small,0.45,45.0,TAS-B,R@100,0.4888490926456542,0.8869149952244508,False
cdd,dev.small,0.6,60.0,BM25,RR@10,0.1086631873379725,0.1842761631873379,False
cdd,dev.small,0.6,60.0,BM25,nDCG@10,0.1276248507172905,0.2299347532023317,False
cdd,dev.small,0.6,60.0,BM25,R@100,0.3019818529130849,0.6777578796561604,False
cdd,dev.small,0.6,60.0,SPLADE,RR@10,0.1498740164642747,0.2969339837176513,False
cdd,dev.small,0.6,60.0,SPLADE,nDCG@10,0.1703913273524033,0.3525535290063942,False
cdd,dev.small,0.6,60.0,SPLADE,R@100,0.3408548233046801,0.8166905444126075,False
cdd,dev.small,0.6,60.0,TAS-B,RR@10,0.1724292195388185,0.3472977213808159,False
cdd,dev.small,0.6,60.0,TAS-B,nDCG@10,0.1946359457700369,0.4106574638556805,False
cdd,dev.small,0.6,60.0,TAS-B,R@100,0.3649474689589302,0.8869149952244508,False
cdd,test-2019_test-2020,0.15,15.0,BM25,RR@10,0.8059401080019636,0.7986786123384061,True
cdd,test-2019_test-2020,0.15,15.0,BM25,nDCG@10,0.4819415568591691,0.4873823836823968,False
cdd,test-2019_test-2020,0.15,15.0,BM25,R@100,0.4434186398449885,0.4769567428702133,False
cdd,test-2019_test-2020,0.15,15.0,SPLADE,RR@10,0.8489690721649485,0.8618106692848961,True
cdd,test-2019_test-2020,0.15,15.0,SPLADE,nDCG@10,0.5672290679689383,0.5903063303445052,False
cdd,test-2019_test-2020,0.15,15.0,SPLADE,R@100,0.4267053027344551,0.4689618970534333,False
cdd,test-2019_test-2020,0.15,15.0,TAS-B,RR@10,0.9527491408934708,0.9354933726067748,True
cdd,test-2019_test-2020,0.15,15.0,TAS-B,nDCG@10,0.6775061184509097,0.697936757957595,False
cdd,test-2019_test-2020,0.15,15.0,TAS-B,R@100,0.5030568247431806,0.553444309695361,False
cdd,test-2019_test-2020,0.3,30.0,BM25,RR@10,0.7914498445426279,0.7986786123384061,False
cdd,test-2019_test-2020,0.3,30.0,BM25,nDCG@10,0.462358251320326,0.4873823836823968,False
cdd,test-2019_test-2020,0.3,30.0,BM25,R@100,0.390997931725506,0.4769567428702133,False
cdd,test-2019_test-2020,0.3,30.0,SPLADE,RR@10,0.8465635738831614,0.8618106692848961,False
cdd,test-2019_test-2020,0.3,30.0,SPLADE,nDCG@10,0.5414770081965914,0.5903063303445052,False
cdd,test-2019_test-2020,0.3,30.0,SPLADE,R@100,0.3665190652921868,0.4689618970534333,False
cdd,test-2019_test-2020,0.3,30.0,TAS-B,RR@10,0.9411062019309444,0.9354933726067748,True
cdd,test-2019_test-2020,0.3,30.0,TAS-B,nDCG@10,0.6400590305696126,0.697936757957595,False
cdd,test-2019_test-2020,0.3,30.0,TAS-B,R@100,0.4295895554273877,0.553444309695361,False
cdd,test-2019_test-2020,0.45,45.0,BM25,RR@10,0.7781214203894616,0.7986786123384061,False
cdd,test-2019_test-2020,0.45,45.0,BM25,nDCG@10,0.4331358684040773,0.4873823836823968,False
cdd,test-2019_test-2020,0.45,45.0,BM25,R@100,0.3212954876810387,0.4769567428702133,False
cdd,test-2019_test-2020,0.45,45.0,SPLADE,RR@10,0.8161798396334478,0.8618106692848961,False
cdd,test-2019_test-2020,0.45,45.0,SPLADE,nDCG@10,0.4893180102984051,0.5903063303445052,False
cdd,test-2019_test-2020,0.45,45.0,SPLADE,R@100,0.3018603730308065,0.4689618970534333,False
cdd,test-2019_test-2020,0.45,45.0,TAS-B,RR@10,0.9061119293078056,0.9354933726067748,False
cdd,test-2019_test-2020,0.45,45.0,TAS-B,nDCG@10,0.5811845546906024,0.697936757957595,False
cdd,test-2019_test-2020,0.45,45.0,TAS-B,R@100,0.3542089356308192,0.553444309695361,False
cdd,test-2019_test-2020,0.6,60.0,BM25,RR@10,0.7019759450171822,0.7986786123384061,False
cdd,test-2019_test-2020,0.6,60.0,BM25,nDCG@10,0.3800573373349835,0.4873823836823968,False
cdd,test-2019_test-2020,0.6,60.0,BM25,R@100,0.2445089412144502,0.4769567428702133,False
cdd,test-2019_test-2020,0.6,60.0,SPLADE,RR@10,0.7661184748813614,0.8618106692848961,False
cdd,test-2019_test-2020,0.6,60.0,SPLADE,nDCG@10,0.4257582440071837,0.5903063303445052,False
cdd,test-2019_test-2020,0.6,60.0,SPLADE,R@100,0.2256518355703051,0.4689618970534333,False
cdd,test-2019_test-2020,0.6,60.0,TAS-B,RR@10,0.8509572901325477,0.9354933726067748,False
cdd,test-2019_test-2020,0.6,60.0,TAS-B,nDCG@10,0.4988906415389315,0.697936757957595,False
cdd,test-2019_test-2020,0.6,60.0,TAS-B,R@100,0.2650851570829605,0.553444309695361,False
finetuned_qualt5,dev.small,0.15,15.0,BM25,RR@10,0.1981292923090918,0.1842761631873379,True
finetuned_qualt5,dev.small,0.15,15.0,BM25,nDCG@10,0.242553199380103,0.2299347532023317,True
finetuned_qualt5,dev.small,0.15,15.0,BM25,R@100,0.6651146131805158,0.6777578796561604,True
finetuned_qualt5,dev.small,0.15,15.0,SPLADE,RR@10,0.2916111224814648,0.2969339837176513,True
finetuned_qualt5,dev.small,0.15,15.0,SPLADE,nDCG@10,0.3460392397040681,0.3525535290063942,True
finetuned_qualt5,dev.small,0.15,15.0,SPLADE,R@100,0.7932784145176697,0.8166905444126075,True
finetuned_qualt5,dev.small,0.15,15.0,TAS-B,RR@10,0.3400834584072402,0.3472977213808159,True
finetuned_qualt5,dev.small,0.15,15.0,TAS-B,nDCG@10,0.4016031820927455,0.4106574638556805,True
finetuned_qualt5,dev.small,0.15,15.0,TAS-B,R@100,0.8603390639923592,0.8869149952244508,True
finetuned_qualt5,dev.small,0.3,30.0,BM25,RR@10,0.2007211647791874,0.1842761631873379,True
finetuned_qualt5,dev.small,0.3,30.0,BM25,nDCG@10,0.2434862851842873,0.2299347532023317,True
finetuned_qualt5,dev.small,0.3,30.0,BM25,R@100,0.6394102196752626,0.6777578796561604,False
finetuned_qualt5,dev.small,0.3,30.0,SPLADE,RR@10,0.2865110633556181,0.2969339837176513,True
finetuned_qualt5,dev.small,0.3,30.0,SPLADE,nDCG@10,0.3376714878794095,0.3525535290063942,False
finetuned_qualt5,dev.small,0.3,30.0,SPLADE,R@100,0.7534264565425024,0.8166905444126075,False
finetuned_qualt5,dev.small,0.3,30.0,TAS-B,RR@10,0.3326043230090497,0.3472977213808159,False
finetuned_qualt5,dev.small,0.3,30.0,TAS-B,nDCG@10,0.3905147210561426,0.4106574638556805,False
finetuned_qualt5,dev.small,0.3,30.0,TAS-B,R@100,0.8148638968481375,0.8869149952244508,False
finetuned_qualt5,dev.small,0.45,45.0,BM25,RR@10,0.1960431732387317,0.1842761631873379,True
finetuned_qualt5,dev.small,0.45,45.0,BM25,nDCG@10,0.2349275573261909,0.2299347532023317,True
finetuned_qualt5,dev.small,0.45,45.0,BM25,R@100,0.591893505253104,0.6777578796561604,False
finetuned_qualt5,dev.small,0.45,45.0,SPLADE,RR@10,0.2732224723700359,0.2969339837176513,False
finetuned_qualt5,dev.small,0.45,45.0,SPLADE,nDCG@10,0.3193675608021902,0.3525535290063942,False
finetuned_qualt5,dev.small,0.45,45.0,SPLADE,R@100,0.6890401146131805,0.8166905444126075,False
finetuned_qualt5,dev.small,0.45,45.0,TAS-B,RR@10,0.3154203620321085,0.3472977213808159,False
finetuned_qualt5,dev.small,0.45,45.0,TAS-B,nDCG@10,0.3671228631329101,0.4106574638556805,False
finetuned_qualt5,dev.small,0.45,45.0,TAS-B,R@100,0.7405682903533906,0.8869149952244508,False
finetuned_qualt5,dev.small,0.6,60.0,BM25,RR@10,0.1884257174694139,0.1842761631873379,True
finetuned_qualt5,dev.small,0.6,60.0,BM25,nDCG@10,0.2221454996087394,0.2299347532023317,False
finetuned_qualt5,dev.small,0.6,60.0,BM25,R@100,0.5248567335243552,0.6777578796561604,False
finetuned_qualt5,dev.small,0.6,60.0,SPLADE,RR@10,0.2511738186200931,0.2969339837176513,False
finetuned_qualt5,dev.small,0.6,60.0,SPLADE,nDCG@10,0.2909566052883653,0.3525535290063942,False
finetuned_qualt5,dev.small,0.6,60.0,SPLADE,R@100,0.5978032473734478,0.8166905444126075,False
finetuned_qualt5,dev.small,0.6,60.0,TAS-B,RR@10,0.2909970095965785,0.3472977213808159,False
finetuned_qualt5,dev.small,0.6,60.0,TAS-B,nDCG@10,0.3347545705350044,0.4106574638556805,False
finetuned_qualt5,dev.small,0.6,60.0,TAS-B,R@100,0.6365329512893982,0.8869149952244508,False
finetuned_qualt5,test-2019_test-2020,0.15,15.0,BM25,RR@10,0.8098469972181314,0.7986786123384061,True
finetuned_qualt5,test-2019_test-2020,0.15,15.0,BM25,nDCG@10,0.5054054718443595,0.4873823836823968,True
finetuned_qualt5,test-2019_test-2020,0.15,15.0,BM25,R@100,0.4655113733661825,0.4769567428702133,False
finetuned_qualt5,test-2019_test-2020,0.15,15.0,SPLADE,RR@10,0.8653330060546557,0.8618106692848961,True
finetuned_qualt5,test-2019_test-2020,0.15,15.0,SPLADE,nDCG@10,0.5853861580462856,0.5903063303445052,True
finetuned_qualt5,test-2019_test-2020,0.15,15.0,SPLADE,R@100,0.4520200962103824,0.4689618970534333,False
finetuned_qualt5,test-2019_test-2020,0.15,15.0,TAS-B,RR@10,0.9396170839469808,0.9354933726067748,True
finetuned_qualt5,test-2019_test-2020,0.15,15.0,TAS-B,nDCG@10,0.6937247182640282,0.697936757957595,True
finetuned_qualt5,test-2019_test-2020,0.15,15.0,TAS-B,R@100,0.5310193453917942,0.553444309695361,False
finetuned_qualt5,test-2019_test-2020,0.3,30.0,BM25,RR@10,0.8072164948453608,0.7986786123384061,False
finetuned_qualt5,test-2019_test-2020,0.3,30.0,BM25,nDCG@10,0.4996544494301745,0.4873823836823968,True
finetuned_qualt5,test-2019_test-2020,0.3,30.0,BM25,R@100,0.4412626946380595,0.4769567428702133,False
finetuned_qualt5,test-2019_test-2020,0.3,30.0,SPLADE,RR@10,0.8618965799378171,0.8618106692848961,True
finetuned_qualt5,test-2019_test-2020,0.3,30.0,SPLADE,nDCG@10,0.5782938777862627,0.5903063303445052,True
finetuned_qualt5,test-2019_test-2020,0.3,30.0,SPLADE,R@100,0.4210102864246919,0.4689618970534333,False
finetuned_qualt5,test-2019_test-2020,0.3,30.0,TAS-B,RR@10,0.9396170839469808,0.9354933726067748,True
finetuned_qualt5,test-2019_test-2020,0.3,30.0,TAS-B,nDCG@10,0.6795804993247979,0.697936757957595,True
finetuned_qualt5,test-2019_test-2020,0.3,30.0,TAS-B,R@100,0.4922945227505915,0.553444309695361,False
finetuned_qualt5,test-2019_test-2020,0.45,45.0,BM25,RR@10,0.8228522336769759,0.7986786123384061,True
finetuned_qualt5,test-2019_test-2020,0.45,45.0,BM25,nDCG@10,0.4894735090426124,0.4873823836823968,False
finetuned_qualt5,test-2019_test-2020,0.45,45.0,BM25,R@100,0.4007008853882154,0.4769567428702133,False
finetuned_qualt5,test-2019_test-2020,0.45,45.0,SPLADE,RR@10,0.8533055146457209,0.8618106692848961,True
finetuned_qualt5,test-2019_test-2020,0.45,45.0,SPLADE,nDCG@10,0.5662914699082666,0.5903063303445052,False
finetuned_qualt5,test-2019_test-2020,0.45,45.0,SPLADE,R@100,0.3829541555486036,0.4689618970534333,False
finetuned_qualt5,test-2019_test-2020,0.45,45.0,TAS-B,RR@10,0.937039764359352,0.9354933726067748,True
finetuned_qualt5,test-2019_test-2020,0.45,45.0,TAS-B,nDCG@10,0.6614008480746695,0.697936757957595,False
finetuned_qualt5,test-2019_test-2020,0.45,45.0,TAS-B,R@100,0.4382103987077241,0.553444309695361,False
finetuned_qualt5,test-2019_test-2020,0.6,60.0,BM25,RR@10,0.8263745704467353,0.7986786123384061,True
finetuned_qualt5,test-2019_test-2020,0.6,60.0,BM25,nDCG@10,0.4698592256263194,0.4873823836823968,False
finetuned_qualt5,test-2019_test-2020,0.6,60.0,BM25,R@100,0.3354455449212889,0.4769567428702133,False
finetuned_qualt5,test-2019_test-2020,0.6,60.0,SPLADE,RR@10,0.827348224513173,0.8618106692848961,False
finetuned_qualt5,test-2019_test-2020,0.6,60.0,SPLADE,nDCG@10,0.5212256099225002,0.5903063303445052,False
finetuned_qualt5,test-2019_test-2020,0.6,60.0,SPLADE,R@100,0.3135840677495256,0.4689618970534333,False
finetuned_qualt5,test-2019_test-2020,0.6,60.0,TAS-B,RR@10,0.8968335787923416,0.9354933726067748,False
finetuned_qualt5,test-2019_test-2020,0.6,60.0,TAS-B,nDCG@10,0.602788613110302,0.697936757957595,False
finetuned_qualt5,test-2019_test-2020,0.6,60.0,TAS-B,R@100,0.3568177898464305,0.553444309695361,False
itn,dev.small,0.15,15.0,BM25,RR@10,0.180929299131305,0.1842761631873379,True
itn,dev.small,0.15,15.0,BM25,nDCG@10,0.2226308898856395,0.2299347532023317,False
itn,dev.small,0.15,15.0,BM25,R@100,0.6143505253104108,0.6777578796561604,False
itn,dev.small,0.15,15.0,SPLADE,RR@10,0.275344749169963,0.2969339837176513,False
itn,dev.small,0.15,15.0,SPLADE,nDCG@10,0.3250524634423261,0.3525535290063942,False
itn,dev.small,0.15,15.0,SPLADE,R@100,0.7285100286532953,0.8166905444126075,False
itn,dev.small,0.15,15.0,TAS-B,RR@10,0.3182847250648104,0.3472977213808159,False
itn,dev.small,0.15,15.0,TAS-B,nDCG@10,0.3749439947290519,0.4106574638556805,False
itn,dev.small,0.15,15.0,TAS-B,R@100,0.7904727793696275,0.8869149952244508,False
itn,dev.small,0.3,30.0,BM25,RR@10,0.154604482194024,0.1842761631873379,False
itn,dev.small,0.3,30.0,BM25,nDCG@10,0.1885165305061544,0.2299347532023317,False
itn,dev.small,0.3,30.0,BM25,R@100,0.502901146131805,0.6777578796561604,False
itn,dev.small,0.3,30.0,SPLADE,RR@10,0.2373219970891886,0.2969339837176513,False
itn,dev.small,0.3,30.0,SPLADE,nDCG@10,0.2760918174498211,0.3525535290063942,False
itn,dev.small,0.3,30.0,SPLADE,R@100,0.5890878701050621,0.8166905444126075,False
itn,dev.small,0.3,30.0,TAS-B,RR@10,0.2720964660935996,0.3472977213808159,False
itn,dev.small,0.3,30.0,TAS-B,nDCG@10,0.3164069192327206,0.4106574638556805,False
itn,dev.small,0.3,30.0,TAS-B,R@100,0.6366881566380135,0.8869149952244508,False
itn,dev.small,0.45,45.0,BM25,RR@10,0.1302876699868108,0.1842761631873379,False
itn,dev.small,0.45,45.0,BM25,nDCG@10,0.1570897205792789,0.2299347532023317,False
itn,dev.small,0.45,45.0,BM25,R@100,0.3947110792741164,0.6777578796561604,False
itn,dev.small,0.45,45.0,SPLADE,RR@10,0.1997259744394412,0.2969339837176513,False
itn,dev.small,0.45,45.0,SPLADE,nDCG@10,0.2286496301964959,0.3525535290063942,False
itn,dev.small,0.45,45.0,SPLADE,R@100,0.4565305635148041,0.8166905444126075,False
itn,dev.small,0.45,45.0,TAS-B,RR@10,0.2268476258698316,0.3472977213808159,False
itn,dev.small,0.45,45.0,TAS-B,nDCG@10,0.2590301939909638,0.4106574638556805,False
itn,dev.small,0.45,45.0,TAS-B,R@100,0.4901623686723972,0.8869149952244508,False
itn,dev.small,0.6,60.0,BM25,RR@10,0.1060870628098422,0.1842761631873379,False
itn,dev.small,0.6,60.0,BM25,nDCG@10,0.1259702178545599,0.2299347532023317,False
itn,dev.small,0.6,60.0,BM25,R@100,0.2914756446991404,0.6777578796561604,False
itn,dev.small,0.6,60.0,SPLADE,RR@10,0.159498965297676,0.2969339837176513,False
itn,dev.small,0.6,60.0,SPLADE,nDCG@10,0.1798909473965893,0.3525535290063942,False
itn,dev.small,0.6,60.0,SPLADE,R@100,0.3325334288443169,0.8166905444126075,False
itn,dev.small,0.6,60.0,TAS-B,RR@10,0.1822342179469685,0.3472977213808159,False
itn,dev.small,0.6,60.0,TAS-B,nDCG@10,0.2044797240454732,0.4106574638556805,False
itn,dev.small,0.6,60.0,TAS-B,R@100,0.355002387774594,0.8869149952244508,False
itn,test-2019_test-2020,0.15,15.0,BM25,RR@10,0.7831901489117984,0.7986786123384061,False
itn,test-2019_test-2020,0.15,15.0,BM25,nDCG@10,0.4697002425971704,0.4873823836823968,False
itn,test-2019_test-2020,0.15,15.0,BM25,R@100,0.4357680764671536,0.4769567428702133,False
itn,test-2019_test-2020,0.15,15.0,SPLADE,RR@10,0.8617247586319754,0.8618106692848961,True
itn,test-2019_test-2020,0.15,15.0,SPLADE,nDCG@10,0.5676483466243868,0.5903063303445052,False
itn,test-2019_test-2020,0.15,15.0,SPLADE,R@100,0.4255591456792699,0.4689618970534333,False
itn,test-2019_test-2020,0.15,15.0,TAS-B,RR@10,0.9396170839469808,0.9354933726067748,True
itn,test-2019_test-2020,0.15,15.0,TAS-B,nDCG@10,0.6750917153280941,0.697936757957595,True
itn,test-2019_test-2020,0.15,15.0,TAS-B,R@100,0.4976588559005567,0.553444309695361,False
itn,test-2019_test-2020,0.3,30.0,BM25,RR@10,0.7770291278023237,0.7986786123384061,False
itn,test-2019_test-2020,0.3,30.0,BM25,nDCG@10,0.4249284691490533,0.4873823836823968,False
itn,test-2019_test-2020,0.3,30.0,BM25,R@100,0.3813192893974541,0.4769567428702133,False
itn,test-2019_test-2020,0.3,30.0,SPLADE,RR@10,0.8512600229095076,0.8618106692848961,True
itn,test-2019_test-2020,0.3,30.0,SPLADE,nDCG@10,0.5250924619923383,0.5903063303445052,False
itn,test-2019_test-2020,0.3,30.0,SPLADE,R@100,0.3684849728104692,0.4689618970534333,False
itn,test-2019_test-2020,0.3,30.0,TAS-B,RR@10,0.9298969072164948,0.9354933726067748,True
itn,test-2019_test-2020,0.3,30.0,TAS-B,nDCG@10,0.6280247731160583,0.697936757957595,False
itn,test-2019_test-2020,0.3,30.0,TAS-B,R@100,0.4265376243486187,0.553444309695361,False
itn,test-2019_test-2020,0.45,45.0,BM25,RR@10,0.7560260186548848,0.7986786123384061,False
itn,test-2019_test-2020,0.45,45.0,BM25,nDCG@10,0.3892361746261126,0.4873823836823968,False
itn,test-2019_test-2020,0.45,45.0,BM25,R@100,0.3146783913293879,0.4769567428702133,False
itn,test-2019_test-2020,0.45,45.0,SPLADE,RR@10,0.8571142202585502,0.8618106692848961,True
itn,test-2019_test-2020,0.45,45.0,SPLADE,nDCG@10,0.4903689047566109,0.5903063303445052,False
itn,test-2019_test-2020,0.45,45.0,SPLADE,R@100,0.3103293324288192,0.4689618970534333,False
itn,test-2019_test-2020,0.45,45.0,TAS-B,RR@10,0.9239813451153656,0.9354933726067748,True
itn,test-2019_test-2020,0.45,45.0,TAS-B,nDCG@10,0.5892749264005823,0.697936757957595,False
itn,test-2019_test-2020,0.45,45.0,TAS-B,R@100,0.355671889958548,0.553444309695361,False
itn,test-2019_test-2020,0.6,60.0,BM25,RR@10,0.7037064310260188,0.7986786123384061,False
itn,test-2019_test-2020,0.6,60.0,BM25,nDCG@10,0.3260744914260983,0.4873823836823968,False
itn,test-2019_test-2020,0.6,60.0,BM25,R@100,0.230227065983829,0.4769567428702133,False
itn,test-2019_test-2020,0.6,60.0,SPLADE,RR@10,0.8065537555228278,0.8618106692848961,False
itn,test-2019_test-2020,0.6,60.0,SPLADE,nDCG@10,0.4185768420960318,0.5903063303445052,False
itn,test-2019_test-2020,0.6,60.0,SPLADE,R@100,0.2206483263413986,0.4689618970534333,False
itn,test-2019_test-2020,0.6,60.0,TAS-B,RR@10,0.8774300441826213,0.9354933726067748,False
itn,test-2019_test-2020,0.6,60.0,TAS-B,nDCG@10,0.4888819445001778,0.697936757957595,False
itn,test-2019_test-2020,0.6,60.0,TAS-B,R@100,0.2540992694863033,0.553444309695361,False
perplexity,dev.small,0.15,15.0,BM25,RR@10,0.1772001068813392,0.1842761631873379,False
perplexity,dev.small,0.15,15.0,BM25,nDCG@10,0.2185213324990406,0.2299347532023317,False
perplexity,dev.small,0.15,15.0,BM25,R@100,0.6082020057306591,0.6777578796561604,False
perplexity,dev.small,0.15,15.0,SPLADE,RR@10,0.275082548778823,0.2969339837176513,False
perplexity,dev.small,0.15,15.0,SPLADE,nDCG@10,0.3247900902711174,0.3525535290063942,False
perplexity,dev.small,0.15,15.0,SPLADE,R@100,0.7314469914040115,0.8166905444126075,False
perplexity,dev.small,0.15,15.0,TAS-B,RR@10,0.3189900281984801,0.3472977213808159,False
perplexity,dev.small,0.15,15.0,TAS-B,nDCG@10,0.3751705624564852,0.4106574638556805,False
perplexity,dev.small,0.15,15.0,TAS-B,R@100,0.794484240687679,0.8869149952244508,False
perplexity,dev.small,0.3,30.0,BM25,RR@10,0.1574311524992044,0.1842761631873379,False
perplexity,dev.small,0.3,30.0,BM25,nDCG@10,0.1909892251434098,0.2299347532023317,False
perplexity,dev.small,0.3,30.0,BM25,R@100,0.5178724928366762,0.6777578796561604,False
perplexity,dev.small,0.3,30.0,SPLADE,RR@10,0.2416194228407691,0.2969339837176513,False
perplexity,dev.small,0.3,30.0,SPLADE,nDCG@10,0.2821750177138343,0.3525535290063942,False
perplexity,dev.small,0.3,30.0,SPLADE,R@100,0.6189350525310411,0.8166905444126075,False
perplexity,dev.small,0.3,30.0,TAS-B,RR@10,0.2806083140037286,0.3472977213808159,False
perplexity,dev.small,0.3,30.0,TAS-B,nDCG@10,0.3259523173721409,0.4106574638556805,False
perplexity,dev.small,0.3,30.0,TAS-B,R@100,0.6730420248328559,0.8869149952244508,False
perplexity,dev.small,0.45,45.0,BM25,RR@10,0.1272067016873609,0.1842761631873379,False
perplexity,dev.small,0.45,45.0,BM25,nDCG@10,0.1529407363108821,0.2299347532023317,False
perplexity,dev.small,0.45,45.0,BM25,R@100,0.4143147086914995,0.6777578796561604,False
perplexity,dev.small,0.45,45.0,SPLADE,RR@10,0.1988523331968888,0.2969339837176513,False
perplexity,dev.small,0.45,45.0,SPLADE,nDCG@10,0.2301614885254459,0.3525535290063942,False
perplexity,dev.small,0.45,45.0,SPLADE,R@100,0.4941618911174785,0.8166905444126075,False
perplexity,dev.small,0.45,45.0,TAS-B,RR@10,0.2309661959339606,0.3472977213808159,False
perplexity,dev.small,0.45,45.0,TAS-B,nDCG@10,0.2661381141291638,0.4106574638556805,False
perplexity,dev.small,0.45,45.0,TAS-B,R@100,0.5338586437440305,0.8869149952244508,False
perplexity,dev.small,0.6,60.0,BM25,RR@10,0.0997567312502842,0.1842761631873379,False
perplexity,dev.small,0.6,60.0,BM25,nDCG@10,0.11909113343764,0.2299347532023317,False
perplexity,dev.small,0.6,60.0,BM25,R@100,0.3101361031518624,0.6777578796561604,False
perplexity,dev.small,0.6,60.0,SPLADE,RR@10,0.1551175126210946,0.2969339837176513,False
perplexity,dev.small,0.6,60.0,SPLADE,nDCG@10,0.1782643762017202,0.3525535290063942,False
perplexity,dev.small,0.6,60.0,SPLADE,R@100,0.365090735434575,0.8166905444126075,False
perplexity,dev.small,0.6,60.0,TAS-B,RR@10,0.1788640446627551,0.3472977213808159,False
perplexity,dev.small,0.6,60.0,TAS-B,nDCG@10,0.2039915192264003,0.4106574638556805,False
perplexity,dev.small,0.6,60.0,TAS-B,R@100,0.3936365807067813,0.8869149952244508,False
perplexity,test-2019_test-2020,0.15,15.0,BM25,RR@10,0.8104810996563573,0.7986786123384061,True
perplexity,test-2019_test-2020,0.15,15.0,BM25,nDCG@10,0.4643121727713044,0.4873823836823968,False
perplexity,test-2019_test-2020,0.15,15.0,BM25,R@100,0.427462294783855,0.4769567428702133,False
perplexity,test-2019_test-2020,0.15,15.0,SPLADE,RR@10,0.8700867288496156,0.8618106692848961,True
perplexity,test-2019_test-2020,0.15,15.0,SPLADE,nDCG@10,0.5752992462284737,0.5903063303445052,True
perplexity,test-2019_test-2020,0.15,15.0,SPLADE,R@100,0.4237374345861533,0.4689618970534333,False
perplexity,test-2019_test-2020,0.15,15.0,TAS-B,RR@10,0.9336033382425134,0.9354933726067748,True
perplexity,test-2019_test-2020,0.15,15.0,TAS-B,nDCG@10,0.6781974951290228,0.697936757957595,True
perplexity,test-2019_test-2020,0.15,15.0,TAS-B,R@100,0.49099474295576,0.553444309695361,False
perplexity,test-2019_test-2020,0.3,30.0,BM25,RR@10,0.7975085910652921,0.7986786123384061,False
perplexity,test-2019_test-2020,0.3,30.0,BM25,nDCG@10,0.4528240276800373,0.4873823836823968,False
perplexity,test-2019_test-2020,0.3,30.0,BM25,R@100,0.3726625578772853,0.4769567428702133,False
perplexity,test-2019_test-2020,0.3,30.0,SPLADE,RR@10,0.868654884634266,0.8618106692848961,True
perplexity,test-2019_test-2020,0.3,30.0,SPLADE,nDCG@10,0.5464850680865058,0.5903063303445052,False
perplexity,test-2019_test-2020,0.3,30.0,SPLADE,R@100,0.3629912874001532,0.4689618970534333,False
perplexity,test-2019_test-2020,0.3,30.0,TAS-B,RR@10,0.9344624447717232,0.9354933726067748,True
perplexity,test-2019_test-2020,0.3,30.0,TAS-B,nDCG@10,0.6494843777058126,0.697936757957595,False
perplexity,test-2019_test-2020,0.3,30.0,TAS-B,R@100,0.4193899723630409,0.553444309695361,False
perplexity,test-2019_test-2020,0.45,45.0,BM25,RR@10,0.7619947635411553,0.7986786123384061,False
perplexity,test-2019_test-2020,0.45,45.0,BM25,nDCG@10,0.4211919142153097,0.4873823836823968,False
perplexity,test-2019_test-2020,0.45,45.0,BM25,R@100,0.3034943081755379,0.4769567428702133,False
perplexity,test-2019_test-2020,0.45,45.0,SPLADE,RR@10,0.8458026509572901,0.8618106692848961,False
perplexity,test-2019_test-2020,0.45,45.0,SPLADE,nDCG@10,0.5116006240472266,0.5903063303445052,False
perplexity,test-2019_test-2020,0.45,45.0,SPLADE,R@100,0.3006728054285849,0.4689618970534333,False
perplexity,test-2019_test-2020,0.45,45.0,TAS-B,RR@10,0.918671248568156,0.9354933726067748,True
perplexity,test-2019_test-2020,0.45,45.0,TAS-B,nDCG@10,0.5970977690942757,0.697936757957595,False
perplexity,test-2019_test-2020,0.45,45.0,TAS-B,R@100,0.3481377671465799,0.553444309695361,False
perplexity,test-2019_test-2020,0.6,60.0,BM25,RR@10,0.704590083456063,0.7986786123384061,False
perplexity,test-2019_test-2020,0.6,60.0,BM25,nDCG@10,0.3827000645402354,0.4873823836823968,False
perplexity,test-2019_test-2020,0.6,60.0,BM25,R@100,0.2266059419523158,0.4769567428702133,False
perplexity,test-2019_test-2020,0.6,60.0,SPLADE,RR@10,0.7969072164948453,0.8618106692848961,False
perplexity,test-2019_test-2020,0.6,60.0,SPLADE,nDCG@10,0.4473325719401359,0.5903063303445052,False
perplexity,test-2019_test-2020,0.6,60.0,SPLADE,R@100,0.2257512726423766,0.4689618970534333,False
perplexity,test-2019_test-2020,0.6,60.0,TAS-B,RR@10,0.8979790541646211,0.9354933726067748,False
perplexity,test-2019_test-2020,0.6,60.0,TAS-B,nDCG@10,0.5318393899331371,0.697936757957595,False
perplexity,test-2019_test-2020,0.6,60.0,TAS-B,R@100,0.258972447169287,0.553444309695361,False
tasb,dev.small,0.15,15.0,BM25,RR@10,0.1695059580661301,0.1842761631873379,False
tasb,dev.small,0.15,15.0,BM25,nDCG@10,0.2086875073373394,0.2299347532023317,False
tasb,dev.small,0.15,15.0,BM25,R@100,0.58932664756447,0.6777578796561604,False
tasb,dev.small,0.15,15.0,SPLADE,RR@10,0.2696293264201566,0.2969339837176513,False
tasb,dev.small,0.15,15.0,SPLADE,nDCG@10,0.318303467423054,0.3525535290063942,False
tasb,dev.small,0.15,15.0,SPLADE,R@100,0.7199617956064949,0.8166905444126075,False
tasb,dev.small,0.15,15.0,TAS-B,RR@10,0.3149743029972246,0.3472977213808159,False
tasb,dev.small,0.15,15.0,TAS-B,nDCG@10,0.3694601871359594,0.4106574638556805,False
tasb,dev.small,0.15,15.0,TAS-B,R@100,0.7807306590257881,0.8869149952244508,False
tasb,dev.small,0.3,30.0,BM25,RR@10,0.1509004184290721,0.1842761631873379,False
tasb,dev.small,0.3,30.0,BM25,nDCG@10,0.1839527826693738,0.2299347532023317,False
tasb,dev.small,0.3,30.0,BM25,R@100,0.5029130850047756,0.6777578796561604,False
tasb,dev.small,0.3,30.0,SPLADE,RR@10,0.238507129212716,0.2969339837176513,False
tasb,dev.small,0.3,30.0,SPLADE,nDCG@10,0.2796844460272098,0.3525535290063942,False
tasb,dev.small,0.3,30.0,SPLADE,R@100,0.6138490926456543,0.8166905444126075,False
tasb,dev.small,0.3,30.0,TAS-B,RR@10,0.2776319529722098,0.3472977213808159,False
tasb,dev.small,0.3,30.0,TAS-B,nDCG@10,0.3228209101497543,0.4106574638556805,False
tasb,dev.small,0.3,30.0,TAS-B,R@100,0.6616284622731616,0.8869149952244508,False
tasb,dev.small,0.45,45.0,BM25,RR@10,0.1299690157820534,0.1842761631873379,False
tasb,dev.small,0.45,45.0,BM25,nDCG@10,0.1570652628699253,0.2299347532023317,False
tasb,dev.small,0.45,45.0,BM25,R@100,0.4180754536771729,0.6777578796561604,False
tasb,dev.small,0.45,45.0,SPLADE,RR@10,0.2068003820439348,0.2969339837176513,False
tasb,dev.small,0.45,45.0,SPLADE,nDCG@10,0.2400052763682546,0.3525535290063942,False
tasb,dev.small,0.45,45.0,SPLADE,R@100,0.5069961795606496,0.8166905444126075,False
tasb,dev.small,0.45,45.0,TAS-B,RR@10,0.2378363919588844,0.3472977213808159,False
tasb,dev.small,0.45,45.0,TAS-B,nDCG@10,0.2745094920686876,0.4106574638556805,False
tasb,dev.small,0.45,45.0,TAS-B,R@100,0.5404966571155684,0.8869149952244508,False
tasb,dev.small,0.6,60.0,BM25,RR@10,0.1028268408605085,0.1842761631873379,False
tasb,dev.small,0.6,60.0,BM25,nDCG@10,0.1226149118550953,0.2299347532023317,False
tasb,dev.small,0.6,60.0,BM25,R@100,0.3197349570200573,0.6777578796561604,False
tasb,dev.small,0.6,60.0,SPLADE,RR@10,0.1605806271887934,0.2969339837176513,False
tasb,dev.small,0.6,60.0,SPLADE,nDCG@10,0.1857799714301282,0.3525535290063942,False
tasb,dev.small,0.6,60.0,SPLADE,R@100,0.3800262655205348,0.8166905444126075,False
tasb,dev.small,0.6,60.0,TAS-B,RR@10,0.1851076204120616,0.3472977213808159,False
tasb,dev.small,0.6,60.0,TAS-B,nDCG@10,0.2123398122622578,0.4106574638556805,False
tasb,dev.small,0.6,60.0,TAS-B,R@100,0.4037249283667621,0.8869149952244508,False
tasb,test-2019_test-2020,0.15,15.0,BM25,RR@10,0.8009450171821307,0.7986786123384061,True
tasb,test-2019_test-2020,0.15,15.0,BM25,nDCG@10,0.4734711841055437,0.4873823836823968,False
tasb,test-2019_test-2020,0.15,15.0,BM25,R@100,0.4153418795895872,0.4769567428702133,False
tasb,test-2019_test-2020,0.15,15.0,SPLADE,RR@10,0.8569137620684012,0.8618106692848961,True
tasb,test-2019_test-2020,0.15,15.0,SPLADE,nDCG@10,0.5701168681218587,0.5903063303445052,False
tasb,test-2019_test-2020,0.15,15.0,SPLADE,R@100,0.4088790698144045,0.4689618970534333,False
tasb,test-2019_test-2020,0.15,15.0,TAS-B,RR@10,0.9221076746849944,0.9354933726067748,True
tasb,test-2019_test-2020,0.15,15.0,TAS-B,nDCG@10,0.6654545444596247,0.697936757957595,False
tasb,test-2019_test-2020,0.15,15.0,TAS-B,R@100,0.4910405108638634,0.553444309695361,False
tasb,test-2019_test-2020,0.3,30.0,BM25,RR@10,0.8031786941580756,0.7986786123384061,True
tasb,test-2019_test-2020,0.3,30.0,BM25,nDCG@10,0.4602266793968165,0.4873823836823968,False
tasb,test-2019_test-2020,0.3,30.0,BM25,R@100,0.3664267322021675,0.4769567428702133,False
tasb,test-2019_test-2020,0.3,30.0,SPLADE,RR@10,0.8251268204876452,0.8618106692848961,False
tasb,test-2019_test-2020,0.3,30.0,SPLADE,nDCG@10,0.5385802007383663,0.5903063303445052,False
tasb,test-2019_test-2020,0.3,30.0,SPLADE,R@100,0.3612624557992908,0.4689618970534333,False
tasb,test-2019_test-2020,0.3,30.0,TAS-B,RR@10,0.900343642611684,0.9354933726067748,False
tasb,test-2019_test-2020,0.3,30.0,TAS-B,nDCG@10,0.626296376674398,0.697936757957595,False
tasb,test-2019_test-2020,0.3,30.0,TAS-B,R@100,0.4265941063176194,0.553444309695361,False
tasb,test-2019_test-2020,0.45,45.0,BM25,RR@10,0.7928244149893635,0.7986786123384061,False
tasb,test-2019_test-2020,0.45,45.0,BM25,nDCG@10,0.4311713100629859,0.4873823836823968,False
tasb,test-2019_test-2020,0.45,45.0,BM25,R@100,0.3015336113597235,0.4769567428702133,False
tasb,test-2019_test-2020,0.45,45.0,SPLADE,RR@10,0.8071264932089673,0.8618106692848961,False
tasb,test-2019_test-2020,0.45,45.0,SPLADE,nDCG@10,0.4918791212922268,0.5903063303445052,False
tasb,test-2019_test-2020,0.45,45.0,SPLADE,R@100,0.2987437778517235,0.4689618970534333,False
tasb,test-2019_test-2020,0.45,45.0,TAS-B,RR@10,0.8874570446735396,0.9354933726067748,False
tasb,test-2019_test-2020,0.45,45.0,TAS-B,nDCG@10,0.5833457476542107,0.697936757957595,False
tasb,test-2019_test-2020,0.45,45.0,TAS-B,R@100,0.3495974690257556,0.553444309695361,False
tasb,test-2019_test-2020,0.6,60.0,BM25,RR@10,0.715836197021764,0.7986786123384061,False
tasb,test-2019_test-2020,0.6,60.0,BM25,nDCG@10,0.3595093155097508,0.4873823836823968,False
tasb,test-2019_test-2020,0.6,60.0,BM25,R@100,0.2074569465077352,0.4769567428702133,False
tasb,test-2019_test-2020,0.6,60.0,SPLADE,RR@10,0.7284077892325316,0.8618106692848961,False
tasb,test-2019_test-2020,0.6,60.0,SPLADE,nDCG@10,0.4047428323507885,0.5903063303445052,False
tasb,test-2019_test-2020,0.6,60.0,SPLADE,R@100,0.2063892555873329,0.4689618970534333,False
tasb,test-2019_test-2020,0.6,60.0,TAS-B,RR@10,0.8163639338897071,0.9354933726067748,False
tasb,test-2019_test-2020,0.6,60.0,TAS-B,nDCG@10,0.4663844394975172,0.697936757957595,False
tasb,test-2019_test-2020,0.6,60.0,TAS-B,R@100,0.2418178000737,0.553444309695361,False
