scorer,threshold,pruning_percent,pipeline,metric,value,mean_full,equivalent
cdd,0.15,15.0,BM25,RR@10,0.1675145540546686,0.1842761631873379,False
cdd,0.15,15.0,BM25,nDCG@10,0.2053392938844855,0.2299347532023317,False
cdd,0.15,15.0,BM25,R@100,0.5707139446036293,0.6777578796561604,False
cdd,0.15,15.0,SPLADE,RR@10,0.2548800427525344,0.2969339837176513,False
cdd,0.15,15.0,SPLADE,nDCG@10,0.3004916570363643,0.3525535290063942,False
cdd,0.15,15.0,SPLADE,R@100,0.6897803247373449,0.8166905444126075,False
cdd,0.15,15.0,TAS-B,RR@10,0.2980983080911436,0.3472977213808159,False
cdd,0.15,15.0,TAS-B,nDCG@10,0.349767175354283,0.4106574638556805,False
cdd,0.15,15.0,TAS-B,R@100,0.7474808978032473,0.8869149952244508,False
cdd,0.3,30.0,BM25,RR@10,0.1469472870332473,0.1842761631873379,False
cdd,0.3,30.0,BM25,nDCG@10,0.177537158944623,0.2299347532023317,False
cdd,0.3,30.0,BM25,R@100,0.477686246418338,0.6777578796561604,False
cdd,0.3,30.0,SPLADE,RR@10,0.2178113203256466,0.2969339837176513,False
cdd,0.3,30.0,SPLADE,nDCG@10,0.2543846885721866,0.3525535290063942,False
cdd,0.3,30.0,SPLADE,R@100,0.5690305635148042,0.8166905444126075,False
cdd,0.3,30.0,TAS-B,RR@10,0.256195820257424,0.3472977213808159,False
cdd,0.3,30.0,TAS-B,nDCG@10,0.2980109079381969,0.4106574638556805,False
cdd,0.3,30.0,TAS-B,R@100,0.6148161413562557,0.8869149952244508,False
cdd,0.45,45.0,BM25,RR@10,0.131427775503707,0.1842761631873379,False
cdd,0.45,45.0,BM25,nDCG@10,0.1563962437724795,0.2299347532023317,False
cdd,0.45,45.0,BM25,R@100,0.3937679083094555,0.6777578796561604,False
cdd,0.45,45.0,SPLADE,RR@10,0.1861899645244918,0.2969339837176513,False
cdd,0.45,45.0,SPLADE,nDCG@10,0.2150533920402829,0.3525535290063942,False
cdd,0.45,45.0,SPLADE,R@100,0.4543696275071632,0.8166905444126075,False
cdd,0.45,45.0,TAS-B,RR@10,0.2156323623049983,0.3472977213808159,False
cdd,0.45,45.0,TAS-B,nDCG@10,0.247324408145621,0.4106574638556805,False
cdd,0.45,45.0,TAS-B,R@100,0.4888490926456542,0.8869149952244508,False
cdd,0.6,60.0,BM25,RR@10,0.1086631873379725,0.1842761631873379,False
cdd,0.6,60.0,BM25,nDCG@10,0.1276248507172905,0.2299347532023317,False
cdd,0.6,60.0,BM25,R@100,0.3019818529130849,0.6777578796561604,False
cdd,0.6,60.0,SPLADE,RR@10,0.1498740164642747,0.2969339837176513,False
cdd,0.6,60.0,SPLADE,nDCG@10,0.1703913273524033,0.3525535290063942,False
cdd,0.6,60.0,SPLADE,R@100,0.3408548233046801,0.8166905444126075,False
cdd,0.6,60.0,TAS-B,RR@10,0.1724292195388185,0.3472977213808159,False
cdd,0.6,60.0,TAS-B,nDCG@10,0.1946359457700369,0.4106574638556805,False
cdd,0.6,60.0,TAS-B,R@100,0.3649474689589302,0.8869149952244508,False
itn,0.15,15.0,BM25,RR@10,0.180929299131305,0.1842761631873379,True
itn,0.15,15.0,BM25,nDCG@10,0.2226308898856395,0.2299347532023317,False
itn,0.15,15.0,BM25,R@100,0.6143505253104108,0.6777578796561604,False
itn,0.15,15.0,SPLADE,RR@10,0.275344749169963,0.2969339837176513,False
itn,0.15,15.0,SPLADE,nDCG@10,0.3250524634423261,0.3525535290063942,False
itn,0.15,15.0,SPLADE,R@100,0.7285100286532953,0.8166905444126075,False
itn,0.15,15.0,TAS-B,RR@10,0.3182847250648104,0.3472977213808159,False
itn,0.15,15.0,TAS-B,nDCG@10,0.3749439947290519,0.4106574638556805,False
itn,0.15,15.0,TAS-B,R@100,0.7904727793696275,0.8869149952244508,False
itn,0.3,30.0,BM25,RR@10,0.154604482194024,0.1842761631873379,False
itn,0.3,30.0,BM25,nDCG@10,0.1885165305061544,0.2299347532023317,False
itn,0.3,30.0,BM25,R@100,0.502901146131805,0.6777578796561604,False
itn,0.3,30.0,SPLADE,RR@10,0.2373219970891886,0.2969339837176513,False
itn,0.3,30.0,SPLADE,nDCG@10,0.2760918174498211,0.3525535290063942,False
itn,0.3,30.0,SPLADE,R@100,0.5890878701050621,0.8166905444126075,False
itn,0.3,30.0,TAS-B,RR@10,0.2720964660935996,0.3472977213808159,False
itn,0.3,30.0,TAS-B,nDCG@10,0.3164069192327206,0.4106574638556805,False
itn,0.3,30.0,TAS-B,R@100,0.6366881566380135,0.8869149952244508,False
itn,0.45,45.0,BM25,RR@10,0.1302876699868108,0.1842761631873379,False
itn,0.45,45.0,BM25,nDCG@10,0.1570897205792789,0.2299347532023317,False
itn,0.45,45.0,BM25,R@100,0.3947110792741164,0.6777578796561604,False
itn,0.45,45.0,SPLADE,RR@10,0.1997259744394412,0.2969339837176513,False
itn,0.45,45.0,SPLADE,nDCG@10,0.2286496301964959,0.3525535290063942,False
itn,0.45,45.0,SPLADE,R@100,0.4565305635148041,0.8166905444126075,False
itn,0.45,45.0,TAS-B,RR@10,0.2268476258698316,0.3472977213808159,False
itn,0.45,45.0,TAS-B,nDCG@10,0.2590301939909638,0.4106574638556805,False
itn,0.45,45.0,TAS-B,R@100,0.4901623686723972,0.8869149952244508,False
itn,0.6,60.0,BM25,RR@10,0.1060870628098422,0.1842761631873379,False
itn,0.6,60.0,BM25,nDCG@10,0.1259702178545599,0.2299347532023317,False
itn,0.6,60.0,BM25,R@100,0.2914756446991404,0.6777578796561604,False
itn,0.6,60.0,SPLADE,RR@10,0.159498965297676,0.2969339837176513,False
itn,0.6,60.0,SPLADE,nDCG@10,0.1798909473965893,0.3525535290063942,False
itn,0.6,60.0,SPLADE,R@100,0.3325334288443169,0.8166905444126075,False
itn,0.6,60.0,TAS-B,RR@10,0.1822342179469685,0.3472977213808159,False
itn,0.6,60.0,TAS-B,nDCG@10,0.2044797240454732,0.4106574638556805,False
itn,0.6,60.0,TAS-B,R@100,0.355002387774594,0.8869149952244508,False
perplexity,0.15,15.0,BM25,RR@10,0.1772001068813392,0.1842761631873379,False
perplexity,0.15,15.0,BM25,nDCG@10,0.2185213324990406,0.2299347532023317,False
perplexity,0.15,15.0,BM25,R@100,0.6082020057306591,0.6777578796561604,False
perplexity,0.15,15.0,SPLADE,RR@10,0.275082548778823,0.2969339837176513,False
perplexity,0.15,15.0,SPLADE,nDCG@10,0.3247900902711174,0.3525535290063942,False
perplexity,0.15,15.0,SPLADE,R@100,0.7314469914040115,0.8166905444126075,False
perplexity,0.15,15.0,TAS-B,RR@10,0.3189900281984801,0.3472977213808159,False
perplexity,0.15,15.0,TAS-B,nDCG@10,0.3751705624564852,0.4106574638556805,False
perplexity,0.15,15.0,TAS-B,R@100,0.794484240687679,0.8869149952244508,False
perplexity,0.3,30.0,BM25,RR@10,0.1574311524992044,0.1842761631873379,False
perplexity,0.3,30.0,BM25,nDCG@10,0.1909892251434098,0.2299347532023317,False
perplexity,0.3,30.0,BM25,R@100,0.5178724928366762,0.6777578796561604,False
perplexity,0.3,30.0,SPLADE,RR@10,0.2416194228407691,0.2969339837176513,False
perplexity,0.3,30.0,SPLADE,nDCG@10,0.2821750177138343,0.3525535290063942,False
perplexity,0.3,30.0,SPLADE,R@100,0.6189350525310411,0.8166905444126075,False
perplexity,0.3,30.0,TAS-B,RR@10,0.2806083140037286,0.3472977213808159,False
perplexity,0.3,30.0,TAS-B,nDCG@10,0.3259523173721409,0.4106574638556805,False
perplexity,0.3,30.0,TAS-B,R@100,0.6730420248328559,0.8869149952244508,False
perplexity,0.45,45.0,BM25,RR@10,0.1272067016873609,0.1842761631873379,False
perplexity,0.45,45.0,BM25,nDCG@10,0.1529407363108821,0.2299347532023317,False
perplexity,0.45,45.0,BM25,R@100,0.4143147086914995,0.6777578796561604,False
perplexity,0.45,45.0,SPLADE,RR@10,0.1988523331968888,0.2969339837176513,False
perplexity,0.45,45.0,SPLADE,nDCG@10,0.2301614885254459,0.3525535290063942,False
perplexity,0.45,45.0,SPLADE,R@100,0.4941618911174785,0.8166905444126075,False
perplexity,0.45,45.0,TAS-B,RR@10,0.2309661959339606,0.3472977213808159,False
perplexity,0.45,45.0,TAS-B,nDCG@10,0.2661381141291638,0.4106574638556805,False
perplexity,0.45,45.0,TAS-B,R@100,0.5338586437440305,0.8869149952244508,False
perplexity,0.6,60.0,BM25,RR@10,0.0997567312502842,0.1842761631873379,False
perplexity,0.6,60.0,BM25,nDCG@10,0.11909113343764,0.2299347532023317,False
perplexity,0.6,60.0,BM25,R@100,0.3101361031518624,0.6777578796561604,False
perplexity,0.6,60.0,SPLADE,RR@10,0.1551175126210946,0.2969339837176513,False
perplexity,0.6,60.0,SPLADE,nDCG@10,0.1782643762017202,0.3525535290063942,False
perplexity,0.6,60.0,SPLADE,R@100,0.365090735434575,0.8166905444126075,False
perplexity,0.6,60.0,TAS-B,RR@10,0.1788640446627551,0.3472977213808159,False
perplexity,0.6,60.0,TAS-B,nDCG@10,0.2039915192264003,0.4106574638556805,False
perplexity,0.6,60.0,TAS-B,R@100,0.3936365807067813,0.8869149952244508,False
qualt5,0.15,15.0,BM25,RR@10,0.1959738709237275,0.1842761631873379,True
qualt5,0.15,15.0,BM25,nDCG@10,0.2398233688879144,0.2299347532023317,True
qualt5,0.15,15.0,BM25,R@100,0.6546561604584528,0.6777578796561604,True
qualt5,0.15,15.0,SPLADE,RR@10,0.2866372174466717,0.2969339837176513,True
qualt5,0.15,15.0,SPLADE,nDCG@10,0.339205493864473,0.3525535290063942,True
qualt5,0.15,15.0,SPLADE,R@100,0.7788204393505254,0.8166905444126075,False
qualt5,0.15,15.0,TAS-B,RR@10,0.3344726429253645,0.3472977213808159,True
qualt5,0.15,15.0,TAS-B,nDCG@10,0.3943198996648211,0.4106574638556805,True
qualt5,0.15,15.0,TAS-B,R@100,0.8443409742120345,0.8869149952244508,False
qualt5,0.3,30.0,BM25,RR@10,0.1943879337790511,0.1842761631873379,True
qualt5,0.3,30.0,BM25,nDCG@10,0.2354875031452252,0.2299347532023317,True
qualt5,0.3,30.0,BM25,R@100,0.6175501432664757,0.6777578796561604,False
qualt5,0.3,30.0,SPLADE,RR@10,0.2758404398053387,0.2969339837176513,False
qualt5,0.3,30.0,SPLADE,nDCG@10,0.324871312955625,0.3525535290063942,False
qualt5,0.3,30.0,SPLADE,R@100,0.727375835721108,0.8166905444126075,False
qualt5,0.3,30.0,TAS-B,RR@10,0.3219687770045927,0.3472977213808159,False
qualt5,0.3,30.0,TAS-B,nDCG@10,0.3768810253208193,0.4106574638556805,False
qualt5,0.3,30.0,TAS-B,R@100,0.7856852913085004,0.8869149952244508,False
qualt5,0.45,45.0,BM25,RR@10,0.1889589302769816,0.1842761631873379,True
qualt5,0.45,45.0,BM25,nDCG@10,0.2257576562211032,0.2299347532023317,True
qualt5,0.45,45.0,BM25,R@100,0.5628462273161414,0.6777578796561604,False
qualt5,0.45,45.0,SPLADE,RR@10,0.257566402874425,0.2969339837176513,False
qualt5,0.45,45.0,SPLADE,nDCG@10,0.3015692426608994,0.3525535290063942,False
qualt5,0.45,45.0,SPLADE,R@100,0.6518624641833812,0.8166905444126075,False
qualt5,0.45,45.0,TAS-B,RR@10,0.3015066289170865,0.3472977213808159,False
qualt5,0.45,45.0,TAS-B,nDCG@10,0.3504479266030422,0.4106574638556805,False
qualt5,0.45,45.0,TAS-B,R@100,0.701731136580707,0.8869149952244508,False
qualt5,0.6,60.0,BM25,RR@10,0.1725623095465503,0.1842761631873379,False
qualt5,0.6,60.0,BM25,nDCG@10,0.2043286800779707,0.2299347532023317,False
qualt5,0.6,60.0,BM25,R@100,0.4852196752626551,0.6777578796561604,False
qualt5,0.6,60.0,SPLADE,RR@10,0.2289005435029786,0.2969339837176513,False
qualt5,0.6,60.0,SPLADE,nDCG@10,0.2657014777417855,0.3525535290063942,False
qualt5,0.6,60.0,SPLADE,R@100,0.5479942693409743,0.8166905444126075,False
qualt5,0.6,60.0,TAS-B,RR@10,0.2638253854550407,0.3472977213808159,False
qualt5,0.6,60.0,TAS-B,nDCG@10,0.3048687947908301,0.4106574638556805,False
qualt5,0.6,60.0,TAS-B,R@100,0.5823543457497614,0.8869149952244508,False
tasb,0.15,15.0,BM25,RR@10,0.1695059580661301,0.1842761631873379,False
tasb,0.15,15.0,BM25,nDCG@10,0.2086875073373394,0.2299347532023317,False
tasb,0.15,15.0,BM25,R@100,0.58932664756447,0.6777578796561604,False
tasb,0.15,15.0,SPLADE,RR@10,0.2696293264201566,0.2969339837176513,False
tasb,0.15,15.0,SPLADE,nDCG@10,0.318303467423054,0.3525535290063942,False
tasb,0.15,15.0,SPLADE,R@100,0.7199617956064949,0.8166905444126075,False
tasb,0.15,15.0,TAS-B,RR@10,0.3149743029972246,0.3472977213808159,False
tasb,0.15,15.0,TAS-B,nDCG@10,0.3694601871359594,0.4106574638556805,False
tasb,0.15,15.0,TAS-B,R@100,0.7807306590257881,0.8869149952244508,False
tasb,0.3,30.0,BM25,RR@10,0.1509004184290721,0.1842761631873379,False
tasb,0.3,30.0,BM25,nDCG@10,0.1839527826693738,0.2299347532023317,False
tasb,0.3,30.0,BM25,R@100,0.5029130850047756,0.6777578796561604,False
tasb,0.3,30.0,SPLADE,RR@10,0.238507129212716,0.2969339837176513,False
tasb,0.3,30.0,SPLADE,nDCG@10,0.2796844460272098,0.3525535290063942,False
tasb,0.3,30.0,SPLADE,R@100,0.6138490926456543,0.8166905444126075,False
tasb,0.3,30.0,TAS-B,RR@10,0.2776319529722098,0.3472977213808159,False
tasb,0.3,30.0,TAS-B,nDCG@10,0.3228209101497543,0.4106574638556805,False
tasb,0.3,30.0,TAS-B,R@100,0.6616284622731616,0.8869149952244508,False
tasb,0.45,45.0,BM25,RR@10,0.1299690157820534,0.1842761631873379,False
tasb,0.45,45.0,BM25,nDCG@10,0.1570652628699253,0.2299347532023317,False
tasb,0.45,45.0,BM25,R@100,0.4180754536771729,0.6777578796561604,False
tasb,0.45,45.0,SPLADE,RR@10,0.2068003820439348,0.2969339837176513,False
tasb,0.45,45.0,SPLADE,nDCG@10,0.2400052763682546,0.3525535290063942,False
tasb,0.45,45.0,SPLADE,R@100,0.5069961795606496,0.8166905444126075,False
tasb,0.45,45.0,TAS-B,RR@10,0.2378363919588844,0.3472977213808159,False
tasb,0.45,45.0,TAS-B,nDCG@10,0.2745094920686876,0.4106574638556805,False
tasb,0.45,45.0,TAS-B,R@100,0.5404966571155684,0.8869149952244508,False
tasb,0.6,60.0,BM25,RR@10,0.1028268408605085,0.1842761631873379,False
tasb,0.6,60.0,BM25,nDCG@10,0.1226149118550953,0.2299347532023317,False
tasb,0.6,60.0,BM25,R@100,0.3197349570200573,0.6777578796561604,False
tasb,0.6,60.0,SPLADE,RR@10,0.1605806271887934,0.2969339837176513,False
tasb,0.6,60.0,SPLADE,nDCG@10,0.1857799714301282,0.3525535290063942,False
tasb,0.6,60.0,SPLADE,R@100,0.3800262655205348,0.8166905444126075,False
tasb,0.6,60.0,TAS-B,RR@10,0.1851076204120616,0.3472977213808159,False
tasb,0.6,60.0,TAS-B,nDCG@10,0.2123398122622578,0.4106574638556805,False
tasb,0.6,60.0,TAS-B,R@100,0.4037249283667621,0.8869149952244508,False
